This file contains any messages produced by compilers while
running configure, to aid debugging if configure makes a mistake.

It was created by tmux configure 3.6a, which was
generated by GNU Autoconf 2.69.  Invocation command line was

  $ ./configure --enable-static --prefix=/mnt/build --includedir=/mnt/build/include --libdir=/mnt/build/lib LIBEVENT_LIBS=-L/mnt/build/lib -levent LIBNCURSES_CFLAGS=-I/mnt/build/include/ncurses LIBNCURSES_LIBS=-L/mnt/build/lib -lncurses LIBTINFO_CFLAGS=-I/mnt/build/include/ncurses LIBTINFO_LIBS=-L/mnt/build/lib -ltinfo CFLAGS=-I/mnt/build/include LDFLAGS=-L/mnt/build/lib CPPFLAGS=-I/mnt/build/include

## --------- ##
## Platform. ##
## --------- ##

hostname = 8c4e3d16a1f4
uname -m = x86_64
uname -r = 6.14.0-1017-azure
uname -s = Linux
uname -v = #17~24.04.1-Ubuntu SMP Mon Dec  1 20:10:50 UTC 2025

/usr/bin/uname -p = unknown
/bin/uname -X     = unknown

/bin/arch              = x86_64
/usr/bin/arch -k       = unknown
/usr/convex/getsysinfo = unknown
/usr/bin/hostinfo      = unknown
/bin/machine           = unknown
/usr/bin/oslevel       = unknown
/bin/universe          = unknown

PATH: /usr/local/sbin
PATH: /usr/local/bin
PATH: /usr/sbin
PATH: /usr/bin
PATH: /sbin
PATH: /bin


## ----------- ##
## Core tests. ##
## ----------- ##

configure:2425: checking for a BSD-compatible install
configure:2493: result: /usr/bin/install -c
configure:2504: checking whether build environment is sane
configure:2559: result: yes
configure:2710: checking for a thread-safe mkdir -p
configure:2749: result: /usr/bin/mkdir -p
configure:2756: checking for gawk
configure:2786: result: no
configure:2756: checking for mawk
configure:2772: found /usr/bin/mawk
configure:2783: result: mawk
configure:2794: checking whether make sets $(MAKE)
configure:2816: result: yes
configure:2845: checking whether make supports nested variables
configure:2862: result: yes
configure:2993: checking build system type
configure:3007: result: x86_64-pc-linux-gnu
configure:3027: checking host system type
configure:3040: result: x86_64-pc-linux-gnu
configure:3141: checking for gcc
configure:3168: result: /mnt/build/bin/musl-gcc -static
configure:3397: checking for C compiler version
configure:3406: /mnt/build/bin/musl-gcc -static --version >&5
gcc (Debian 12.2.0-14+deb12u1) 12.2.0
Copyright (C) 2022 Free Software Foundation, Inc.
This is free software; see the source for copying conditions.  There is NO
warranty; not even for MERCHANTABILITY or FITNESS FOR A PARTICULAR PURPOSE.

configure:3417: $? = 0
configure:3406: /mnt/build/bin/musl-gcc -static -v >&5
Using built-in specs.
Reading specs from /mnt/build/lib/musl-gcc.specs
rename spec cpp_options to old_cpp_options
COLLECT_GCC=gcc
COLLECT_LTO_WRAPPER=/usr/lib/gcc/x86_64-linux-gnu/12/lto-wrapper
OFFLOAD_TARGET_NAMES=nvptx-none:amdgcn-amdhsa
OFFLOAD_TARGET_DEFAULT=1
Target: x86_64-linux-gnu
Configured with: ../src/configure -v --with-pkgversion='Debian 12.2.0-14+deb12u1' --with-bugurl=file:///usr/share/doc/gcc-12/README.Bugs --enable-languages=c,ada,c++,go,d,fortran,objc,obj-c++,m2 --prefix=/usr --with-gcc-major-version-only --program-suffix=-12 --program-prefix=x86_64-linux-gnu- --enable-shared --enable-linker-build-id --libexecdir=/usr/lib --without-included-gettext --enable-threads=posix --libdir=/usr/lib --enable-nls --enable-clocale=gnu --enable-libstdcxx-debug --enable-libstdcxx-time=yes --with-default-libstdcxx-abi=new --enable-gnu-unique-object --disable-vtable-verify --enable-plugin --enable-default-pie --with-system-zlib --enable-libphobos-checking=release --with-target-system-zlib=auto --enable-objc-gc=auto --enable-multiarch --disable-werror --enable-cet --with-arch-32=i686 --with-abi=m64 --with-multilib-list=m32,m64,mx32 --enable-multilib --with-tune=generic --enable-offload-targets=nvptx-none=/build/reproducible-path/gcc-12-12.2.0/debian/tmp-nvptx/usr,amdgcn-amdhsa=/build/reproducible-path/gcc-12-12.2.0/debian/tmp-gcn/usr --enable-offload-defaulted --without-cuda-driver --enable-checking=release --build=x86_64-linux-gnu --host=x86_64-linux-gnu --target=x86_64-linux-gnu
Thread model: posix
... rest of stderr output deleted ...
configure:3417: $? = 0
configure:3406: /mnt/build/bin/musl-gcc -static -V >&5
gcc: error: unrecognized command-line option '-V'
gcc: fatal error: no input files
compilation terminated.
configure:3417: $? = 1
configure:3406: /mnt/build/bin/musl-gcc -static -qversion >&5
gcc: error: unrecognized command-line option '-qversion'; did you mean '--version'?
gcc: fatal error: no input files
compilation terminated.
configure:3417: $? = 1
configure:3437: checking whether the C compiler works
configure:3459: /mnt/build/bin/musl-gcc -static -I/mnt/build/include -I/mnt/build/include -L/mnt/build/lib conftest.c  >&5
configure:3463: $? = 0
configure:3511: result: yes
configure:3514: checking for C compiler default output file name
configure:3516: result: a.out
configure:3522: checking for suffix of executables
configure:3529: /mnt/build/bin/musl-gcc -static -o conftest -I/mnt/build/include -I/mnt/build/include -L/mnt/build/lib conftest.c  >&5
configure:3533: $? = 0
configure:3555: result: 
configure:3577: checking whether we are cross compiling
configure:3585: /mnt/build/bin/musl-gcc -static -o conftest -I/mnt/build/include -I/mnt/build/include -L/mnt/build/lib conftest.c  >&5
configure:3589: $? = 0
configure:3596: ./conftest
configure:3600: $? = 0
configure:3615: result: no
configure:3620: checking for suffix of object files
configure:3642: /mnt/build/bin/musl-gcc -static -c -I/mnt/build/include -I/mnt/build/include conftest.c >&5
configure:3646: $? = 0
configure:3667: result: o
configure:3671: checking whether we are using the GNU C compiler
configure:3690: /mnt/build/bin/musl-gcc -static -c -I/mnt/build/include -I/mnt/build/include conftest.c >&5
configure:3690: $? = 0
configure:3699: result: yes
configure:3708: checking whether /mnt/build/bin/musl-gcc -static accepts -g
configure:3728: /mnt/build/bin/musl-gcc -static -c -g -I/mnt/build/include conftest.c >&5
configure:3728: $? = 0
configure:3769: result: yes
configure:3786: checking for /mnt/build/bin/musl-gcc -static option to accept ISO C89
configure:3849: /mnt/build/bin/musl-gcc -static  -c -I/mnt/build/include -I/mnt/build/include conftest.c >&5
configure:3849: $? = 0
configure:3862: result: none needed
configure:3887: checking whether /mnt/build/bin/musl-gcc -static understands -c and -o together
configure:3909: /mnt/build/bin/musl-gcc -static -c conftest.c -o conftest2.o
configure:3912: $? = 0
configure:3909: /mnt/build/bin/musl-gcc -static -c conftest.c -o conftest2.o
configure:3912: $? = 0
configure:3924: result: yes
configure:3952: checking for style of include used by make
configure:3980: result: GNU
configure:4006: checking dependency style of /mnt/build/bin/musl-gcc -static
configure:4117: result: gcc3
configure:4133: checking for /mnt/build/bin/musl-gcc -static option to accept ISO C99
configure:4282: /mnt/build/bin/musl-gcc -static  -c -I/mnt/build/include -I/mnt/build/include conftest.c >&5
configure:4282: $? = 0
configure:4295: result: none needed
configure:4315: checking how to run the C preprocessor
configure:4346: /mnt/build/bin/musl-gcc -static -E -I/mnt/build/include conftest.c
configure:4346: $? = 0
configure:4360: /mnt/build/bin/musl-gcc -static -E -I/mnt/build/include conftest.c
conftest.c:11:10: fatal error: ac_nonexistent.h: No such file or directory
   11 | #include <ac_nonexistent.h>
      |          ^~~~~~~~~~~~~~~~~~
compilation terminated.
configure:4360: $? = 1
configure: failed program was:
| /* confdefs.h */
| #define PACKAGE_NAME "tmux"
| #define PACKAGE_TARNAME "tmux"
| #define PACKAGE_VERSION "3.6a"
| #define PACKAGE_STRING "tmux 3.6a"
| #define PACKAGE_BUGREPORT ""
| #define PACKAGE_URL ""
| #define PACKAGE "tmux"
| #define VERSION "3.6a"
| /* end confdefs.h.  */
| #include <ac_nonexistent.h>
configure:4385: result: /mnt/build/bin/musl-gcc -static -E
configure:4405: /mnt/build/bin/musl-gcc -static -E -I/mnt/build/include conftest.c
configure:4405: $? = 0
configure:4419: /mnt/build/bin/musl-gcc -static -E -I/mnt/build/include conftest.c
conftest.c:11:10: fatal error: ac_nonexistent.h: No such file or directory
   11 | #include <ac_nonexistent.h>
      |          ^~~~~~~~~~~~~~~~~~
compilation terminated.
configure:4419: $? = 1
configure: failed program was:
| /* confdefs.h */
| #define PACKAGE_NAME "tmux"
| #define PACKAGE_TARNAME "tmux"
| #define PACKAGE_VERSION "3.6a"
| #define PACKAGE_STRING "tmux 3.6a"
| #define PACKAGE_BUGREPORT ""
| #define PACKAGE_URL ""
| #define PACKAGE "tmux"
| #define VERSION "3.6a"
| /* end confdefs.h.  */
| #include <ac_nonexistent.h>
configure:4447: checking for grep that handles long lines and -e
configure:4505: result: /usr/bin/grep
configure:4510: checking for egrep
configure:4572: result: /usr/bin/grep -E
configure:4582: checking for bison
configure:4598: found /usr/bin/bison
configure:4609: result: bison -y
configure:4675: checking for pkg-config
configure:4693: found /usr/bin/pkg-config
configure:4705: result: /usr/bin/pkg-config
configure:4730: checking pkg-config is at least version 0.9.0
configure:4733: result: yes
configure:4743: checking for ANSI C header files
configure:4763: /mnt/build/bin/musl-gcc -static -c -I/mnt/build/include -I/mnt/build/include conftest.c >&5
configure:4763: $? = 0
configure:4836: /mnt/build/bin/musl-gcc -static -o conftest -I/mnt/build/include -I/mnt/build/include -L/mnt/build/lib conftest.c  >&5
configure:4836: $? = 0
configure:4836: ./conftest
configure:4836: $? = 0
configure:4847: result: yes
configure:4860: checking for sys/types.h
configure:4860: /mnt/build/bin/musl-gcc -static -c -I/mnt/build/include -I/mnt/build/include conftest.c >&5
configure:4860: $? = 0
configure:4860: result: yes
configure:4860: checking for sys/stat.h
configure:4860: /mnt/build/bin/musl-gcc -static -c -I/mnt/build/include -I/mnt/build/include conftest.c >&5
configure:4860: $? = 0
configure:4860: result: yes
configure:4860: checking for stdlib.h
configure:4860: /mnt/build/bin/musl-gcc -static -c -I/mnt/build/include -I/mnt/build/include conftest.c >&5
configure:4860: $? = 0
configure:4860: result: yes
configure:4860: checking for string.h
configure:4860: /mnt/build/bin/musl-gcc -static -c -I/mnt/build/include -I/mnt/build/include conftest.c >&5
configure:4860: $? = 0
configure:4860: result: yes
configure:4860: checking for memory.h
configure:4860: /mnt/build/bin/musl-gcc -static -c -I/mnt/build/include -I/mnt/build/include conftest.c >&5
configure:4860: $? = 0
configure:4860: result: yes
configure:4860: checking for strings.h
configure:4860: /mnt/build/bin/musl-gcc -static -c -I/mnt/build/include -I/mnt/build/include conftest.c >&5
configure:4860: $? = 0
configure:4860: result: yes
configure:4860: checking for inttypes.h
configure:4860: /mnt/build/bin/musl-gcc -static -c -I/mnt/build/include -I/mnt/build/include conftest.c >&5
configure:4860: $? = 0
configure:4860: result: yes
configure:4860: checking for stdint.h
configure:4860: /mnt/build/bin/musl-gcc -static -c -I/mnt/build/include -I/mnt/build/include conftest.c >&5
configure:4860: $? = 0
configure:4860: result: yes
configure:4860: checking for unistd.h
configure:4860: /mnt/build/bin/musl-gcc -static -c -I/mnt/build/include -I/mnt/build/include conftest.c >&5
configure:4860: $? = 0
configure:4860: result: yes
configure:4873: checking minix/config.h usability
configure:4873: /mnt/build/bin/musl-gcc -static -c -I/mnt/build/include -I/mnt/build/include conftest.c >&5
conftest.c:54:10: fatal error: minix/config.h: No such file or directory
   54 | #include <minix/config.h>
      |          ^~~~~~~~~~~~~~~~
compilation terminated.
configure:4873: $? = 1
configure: failed program was:
| /* confdefs.h */
| #define PACKAGE_NAME "tmux"
| #define PACKAGE_TARNAME "tmux"
| #define PACKAGE_VERSION "3.6a"
| #define PACKAGE_STRING "tmux 3.6a"
| #define PACKAGE_BUGREPORT ""
| #define PACKAGE_URL ""
| #define PACKAGE "tmux"
| #define VERSION "3.6a"
| #define STDC_HEADERS 1
| #define HAVE_SYS_TYPES_H 1
| #define HAVE_SYS_STAT_H 1
| #define HAVE_STDLIB_H 1
| #define HAVE_STRING_H 1
| #define HAVE_MEMORY_H 1
| #define HAVE_STRINGS_H 1
| #define HAVE_INTTYPES_H 1
| #define HAVE_STDINT_H 1
| #define HAVE_UNISTD_H 1
| /* end confdefs.h.  */
| #include <stdio.h>
| #ifdef HAVE_SYS_TYPES_H
| # include <sys/types.h>
| #endif
| #ifdef HAVE_SYS_STAT_H
| # include <sys/stat.h>
| #endif
| #ifdef STDC_HEADERS
| # include <stdlib.h>
| # include <stddef.h>
| #else
| # ifdef HAVE_STDLIB_H
| #  include <stdlib.h>
| # endif
| #endif
| #ifdef HAVE_STRING_H
| # if !defined STDC_HEADERS && defined HAVE_MEMORY_H
| #  include <memory.h>
| # endif
| # include <string.h>
| #endif
| #ifdef HAVE_STRINGS_H
| # include <strings.h>
| #endif
| #ifdef HAVE_INTTYPES_H
| # include <inttypes.h>
| #endif
| #ifdef HAVE_STDINT_H
| # include <stdint.h>
| #endif
| #ifdef HAVE_UNISTD_H
| # include <unistd.h>
| #endif
| #include <minix/config.h>
configure:4873: result: no
configure:4873: checking minix/config.h presence
configure:4873: /mnt/build/bin/musl-gcc -static -E -I/mnt/build/include conftest.c
conftest.c:21:10: fatal error: minix/config.h: No such file or directory
   21 | #include <minix/config.h>
      |          ^~~~~~~~~~~~~~~~
compilation terminated.
configure:4873: $? = 1
configure: failed program was:
| /* confdefs.h */
| #define PACKAGE_NAME "tmux"
| #define PACKAGE_TARNAME "tmux"
| #define PACKAGE_VERSION "3.6a"
| #define PACKAGE_STRING "tmux 3.6a"
| #define PACKAGE_BUGREPORT ""
| #define PACKAGE_URL ""
| #define PACKAGE "tmux"
| #define VERSION "3.6a"
| #define STDC_HEADERS 1
| #define HAVE_SYS_TYPES_H 1
| #define HAVE_SYS_STAT_H 1
| #define HAVE_STDLIB_H 1
| #define HAVE_STRING_H 1
| #define HAVE_MEMORY_H 1
| #define HAVE_STRINGS_H 1
| #define HAVE_INTTYPES_H 1
| #define HAVE_STDINT_H 1
| #define HAVE_UNISTD_H 1
| /* end confdefs.h.  */
| #include <minix/config.h>
configure:4873: result: no
configure:4873: checking for minix/config.h
configure:4873: result: no
configure:4894: checking whether it is safe to define __EXTENSIONS__
configure:4912: /mnt/build/bin/musl-gcc -static -c -I/mnt/build/include -I/mnt/build/include conftest.c >&5
configure:4912: $? = 0
configure:4919: result: yes
configure:5057: checking bitstring.h usability
configure:5057: /mnt/build/bin/musl-gcc -static -c -I/mnt/build/include -I/mnt/build/include conftest.c >&5
conftest.c:59:10: fatal error: bitstring.h: No such file or directory
   59 | #include <bitstring.h>
      |          ^~~~~~~~~~~~~
compilation terminated.
configure:5057: $? = 1
configure: failed program was:
| /* confdefs.h */
| #define PACKAGE_NAME "tmux"
| #define PACKAGE_TARNAME "tmux"
| #define PACKAGE_VERSION "3.6a"
| #define PACKAGE_STRING "tmux 3.6a"
| #define PACKAGE_BUGREPORT ""
| #define PACKAGE_URL ""
| #define PACKAGE "tmux"
| #define VERSION "3.6a"
| #define STDC_HEADERS 1
| #define HAVE_SYS_TYPES_H 1
| #define HAVE_SYS_STAT_H 1
| #define HAVE_STDLIB_H 1
| #define HAVE_STRING_H 1
| #define HAVE_MEMORY_H 1
| #define HAVE_STRINGS_H 1
| #define HAVE_INTTYPES_H 1
| #define HAVE_STDINT_H 1
| #define HAVE_UNISTD_H 1
| #define __EXTENSIONS__ 1
| #define _ALL_SOURCE 1
| #define _GNU_SOURCE 1
| #define _POSIX_PTHREAD_SEMANTICS 1
| #define _TANDEM_SOURCE 1
| /* end confdefs.h.  */
| #include <stdio.h>
| #ifdef HAVE_SYS_TYPES_H
| # include <sys/types.h>
| #endif
| #ifdef HAVE_SYS_STAT_H
| # include <sys/stat.h>
| #endif
| #ifdef STDC_HEADERS
| # include <stdlib.h>
| # include <stddef.h>
| #else
| # ifdef HAVE_STDLIB_H
| #  include <stdlib.h>
| # endif
| #endif
| #ifdef HAVE_STRING_H
| # if !defined STDC_HEADERS && defined HAVE_MEMORY_H
| #  include <memory.h>
| # endif
| # include <string.h>
| #endif
| #ifdef HAVE_STRINGS_H
| # include <strings.h>
| #endif
| #ifdef HAVE_INTTYPES_H
| # include <inttypes.h>
| #endif
| #ifdef HAVE_STDINT_H
| # include <stdint.h>
| #endif
| #ifdef HAVE_UNISTD_H
| # include <unistd.h>
| #endif
| #include <bitstring.h>
configure:5057: result: no
configure:5057: checking bitstring.h presence
configure:5057: /mnt/build/bin/musl-gcc -static -E -I/mnt/build/include conftest.c
conftest.c:26:10: fatal error: bitstring.h: No such file or directory
   26 | #include <bitstring.h>
      |          ^~~~~~~~~~~~~
compilation terminated.
configure:5057: $? = 1
configure: failed program was:
| /* confdefs.h */
| #define PACKAGE_NAME "tmux"
| #define PACKAGE_TARNAME "tmux"
| #define PACKAGE_VERSION "3.6a"
| #define PACKAGE_STRING "tmux 3.6a"
| #define PACKAGE_BUGREPORT ""
| #define PACKAGE_URL ""
| #define PACKAGE "tmux"
| #define VERSION "3.6a"
| #define STDC_HEADERS 1
| #define HAVE_SYS_TYPES_H 1
| #define HAVE_SYS_STAT_H 1
| #define HAVE_STDLIB_H 1
| #define HAVE_STRING_H 1
| #define HAVE_MEMORY_H 1
| #define HAVE_STRINGS_H 1
| #define HAVE_INTTYPES_H 1
| #define HAVE_STDINT_H 1
| #define HAVE_UNISTD_H 1
| #define __EXTENSIONS__ 1
| #define _ALL_SOURCE 1
| #define _GNU_SOURCE 1
| #define _POSIX_PTHREAD_SEMANTICS 1
| #define _TANDEM_SOURCE 1
| /* end confdefs.h.  */
| #include <bitstring.h>
configure:5057: result: no
configure:5057: checking for bitstring.h
configure:5057: result: no
configure:5057: checking dirent.h usability
configure:5057: /mnt/build/bin/musl-gcc -static -c -I/mnt/build/include -I/mnt/build/include conftest.c >&5
configure:5057: $? = 0
configure:5057: result: yes
configure:5057: checking dirent.h presence
configure:5057: /mnt/build/bin/musl-gcc -static -E -I/mnt/build/include conftest.c
configure:5057: $? = 0
configure:5057: result: yes
configure:5057: checking for dirent.h
configure:5057: result: yes
configure:5057: checking fcntl.h usability
configure:5057: /mnt/build/bin/musl-gcc -static -c -I/mnt/build/include -I/mnt/build/include conftest.c >&5
configure:5057: $? = 0
configure:5057: result: yes
configure:5057: checking fcntl.h presence
configure:5057: /mnt/build/bin/musl-gcc -static -E -I/mnt/build/include conftest.c
configure:5057: $? = 0
configure:5057: result: yes
configure:5057: checking for fcntl.h
configure:5057: result: yes
configure:5057: checking for inttypes.h
configure:5057: result: yes
configure:5057: checking libproc.h usability
configure:5057: /mnt/build/bin/musl-gcc -static -c -I/mnt/build/include -I/mnt/build/include conftest.c >&5
conftest.c:62:10: fatal error: libproc.h: No such file or directory
   62 | #include <libproc.h>
      |          ^~~~~~~~~~~
compilation terminated.
configure:5057: $? = 1
configure: failed program was:
| /* confdefs.h */
| #define PACKAGE_NAME "tmux"
| #define PACKAGE_TARNAME "tmux"
| #define PACKAGE_VERSION "3.6a"
| #define PACKAGE_STRING "tmux 3.6a"
| #define PACKAGE_BUGREPORT ""
| #define PACKAGE_URL ""
| #define PACKAGE "tmux"
| #define VERSION "3.6a"
| #define STDC_HEADERS 1
| #define HAVE_SYS_TYPES_H 1
| #define HAVE_SYS_STAT_H 1
| #define HAVE_STDLIB_H 1
| #define HAVE_STRING_H 1
| #define HAVE_MEMORY_H 1
| #define HAVE_STRINGS_H 1
| #define HAVE_INTTYPES_H 1
| #define HAVE_STDINT_H 1
| #define HAVE_UNISTD_H 1
| #define __EXTENSIONS__ 1
| #define _ALL_SOURCE 1
| #define _GNU_SOURCE 1
| #define _POSIX_PTHREAD_SEMANTICS 1
| #define _TANDEM_SOURCE 1
| #define HAVE_DIRENT_H 1
| #define HAVE_FCNTL_H 1
| #define HAVE_INTTYPES_H 1
| /* end confdefs.h.  */
| #include <stdio.h>
| #ifdef HAVE_SYS_TYPES_H
| # include <sys/types.h>
| #endif
| #ifdef HAVE_SYS_STAT_H
| # include <sys/stat.h>
| #endif
| #ifdef STDC_HEADERS
| # include <stdlib.h>
| # include <stddef.h>
| #else
| # ifdef HAVE_STDLIB_H
| #  include <stdlib.h>
| # endif
| #endif
| #ifdef HAVE_STRING_H
| # if !defined STDC_HEADERS && defined HAVE_MEMORY_H
| #  include <memory.h>
| # endif
| # include <string.h>
| #endif
| #ifdef HAVE_STRINGS_H
| # include <strings.h>
| #endif
| #ifdef HAVE_INTTYPES_H
| # include <inttypes.h>
| #endif
| #ifdef HAVE_STDINT_H
| # include <stdint.h>
| #endif
| #ifdef HAVE_UNISTD_H
| # include <unistd.h>
| #endif
| #include <libproc.h>
configure:5057: result: no
configure:5057: checking libproc.h presence
configure:5057: /mnt/build/bin/musl-gcc -static -E -I/mnt/build/include conftest.c
conftest.c:29:10: fatal error: libproc.h: No such file or directory
   29 | #include <libproc.h>
      |          ^~~~~~~~~~~
compilation terminated.
configure:5057: $? = 1
configure: failed program was:
| /* confdefs.h */
| #define PACKAGE_NAME "tmux"
| #define PACKAGE_TARNAME "tmux"
| #define PACKAGE_VERSION "3.6a"
| #define PACKAGE_STRING "tmux 3.6a"
| #define PACKAGE_BUGREPORT ""
| #define PACKAGE_URL ""
| #define PACKAGE "tmux"
| #define VERSION "3.6a"
| #define STDC_HEADERS 1
| #define HAVE_SYS_TYPES_H 1
| #define HAVE_SYS_STAT_H 1
| #define HAVE_STDLIB_H 1
| #define HAVE_STRING_H 1
| #define HAVE_MEMORY_H 1
| #define HAVE_STRINGS_H 1
| #define HAVE_INTTYPES_H 1
| #define HAVE_STDINT_H 1
| #define HAVE_UNISTD_H 1
| #define __EXTENSIONS__ 1
| #define _ALL_SOURCE 1
| #define _GNU_SOURCE 1
| #define _POSIX_PTHREAD_SEMANTICS 1
| #define _TANDEM_SOURCE 1
| #define HAVE_DIRENT_H 1
| #define HAVE_FCNTL_H 1
| #define HAVE_INTTYPES_H 1
| /* end confdefs.h.  */
| #include <libproc.h>
configure:5057: result: no
configure:5057: checking for libproc.h
configure:5057: result: no
configure:5057: checking libutil.h usability
configure:5057: /mnt/build/bin/musl-gcc -static -c -I/mnt/build/include -I/mnt/build/include conftest.c >&5
conftest.c:62:10: fatal error: libutil.h: No such file or directory
   62 | #include <libutil.h>
      |          ^~~~~~~~~~~
compilation terminated.
configure:5057: $? = 1
configure: failed program was:
| /* confdefs.h */
| #define PACKAGE_NAME "tmux"
| #define PACKAGE_TARNAME "tmux"
| #define PACKAGE_VERSION "3.6a"
| #define PACKAGE_STRING "tmux 3.6a"
| #define PACKAGE_BUGREPORT ""
| #define PACKAGE_URL ""
| #define PACKAGE "tmux"
| #define VERSION "3.6a"
| #define STDC_HEADERS 1
| #define HAVE_SYS_TYPES_H 1
| #define HAVE_SYS_STAT_H 1
| #define HAVE_STDLIB_H 1
| #define HAVE_STRING_H 1
| #define HAVE_MEMORY_H 1
| #define HAVE_STRINGS_H 1
| #define HAVE_INTTYPES_H 1
| #define HAVE_STDINT_H 1
| #define HAVE_UNISTD_H 1
| #define __EXTENSIONS__ 1
| #define _ALL_SOURCE 1
| #define _GNU_SOURCE 1
| #define _POSIX_PTHREAD_SEMANTICS 1
| #define _TANDEM_SOURCE 1
| #define HAVE_DIRENT_H 1
| #define HAVE_FCNTL_H 1
| #define HAVE_INTTYPES_H 1
| /* end confdefs.h.  */
| #include <stdio.h>
| #ifdef HAVE_SYS_TYPES_H
| # include <sys/types.h>
| #endif
| #ifdef HAVE_SYS_STAT_H
| # include <sys/stat.h>
| #endif
| #ifdef STDC_HEADERS
| # include <stdlib.h>
| # include <stddef.h>
| #else
| # ifdef HAVE_STDLIB_H
| #  include <stdlib.h>
| # endif
| #endif
| #ifdef HAVE_STRING_H
| # if !defined STDC_HEADERS && defined HAVE_MEMORY_H
| #  include <memory.h>
| # endif
| # include <string.h>
| #endif
| #ifdef HAVE_STRINGS_H
| # include <strings.h>
| #endif
| #ifdef HAVE_INTTYPES_H
| # include <inttypes.h>
| #endif
| #ifdef HAVE_STDINT_H
| # include <stdint.h>
| #endif
| #ifdef HAVE_UNISTD_H
| # include <unistd.h>
| #endif
| #include <libutil.h>
configure:5057: result: no
configure:5057: checking libutil.h presence
configure:5057: /mnt/build/bin/musl-gcc -static -E -I/mnt/build/include conftest.c
conftest.c:29:10: fatal error: libutil.h: No such file or directory
   29 | #include <libutil.h>
      |          ^~~~~~~~~~~
compilation terminated.
configure:5057: $? = 1
configure: failed program was:
| /* confdefs.h */
| #define PACKAGE_NAME "tmux"
| #define PACKAGE_TARNAME "tmux"
| #define PACKAGE_VERSION "3.6a"
| #define PACKAGE_STRING "tmux 3.6a"
| #define PACKAGE_BUGREPORT ""
| #define PACKAGE_URL ""
| #define PACKAGE "tmux"
| #define VERSION "3.6a"
| #define STDC_HEADERS 1
| #define HAVE_SYS_TYPES_H 1
| #define HAVE_SYS_STAT_H 1
| #define HAVE_STDLIB_H 1
| #define HAVE_STRING_H 1
| #define HAVE_MEMORY_H 1
| #define HAVE_STRINGS_H 1
| #define HAVE_INTTYPES_H 1
| #define HAVE_STDINT_H 1
| #define HAVE_UNISTD_H 1
| #define __EXTENSIONS__ 1
| #define _ALL_SOURCE 1
| #define _GNU_SOURCE 1
| #define _POSIX_PTHREAD_SEMANTICS 1
| #define _TANDEM_SOURCE 1
| #define HAVE_DIRENT_H 1
| #define HAVE_FCNTL_H 1
| #define HAVE_INTTYPES_H 1
| /* end confdefs.h.  */
| #include <libutil.h>
configure:5057: result: no
configure:5057: checking for libutil.h
configure:5057: result: no
configure:5057: checking ndir.h usability
configure:5057: /mnt/build/bin/musl-gcc -static -c -I/mnt/build/include -I/mnt/build/include conftest.c >&5
conftest.c:62:10: fatal error: ndir.h: No such file or directory
   62 | #include <ndir.h>
      |          ^~~~~~~~
compilation terminated.
configure:5057: $? = 1
configure: failed program was:
| /* confdefs.h */
| #define PACKAGE_NAME "tmux"
| #define PACKAGE_TARNAME "tmux"
| #define PACKAGE_VERSION "3.6a"
| #define PACKAGE_STRING "tmux 3.6a"
| #define PACKAGE_BUGREPORT ""
| #define PACKAGE_URL ""
| #define PACKAGE "tmux"
| #define VERSION "3.6a"
| #define STDC_HEADERS 1
| #define HAVE_SYS_TYPES_H 1
| #define HAVE_SYS_STAT_H 1
| #define HAVE_STDLIB_H 1
| #define HAVE_STRING_H 1
| #define HAVE_MEMORY_H 1
| #define HAVE_STRINGS_H 1
| #define HAVE_INTTYPES_H 1
| #define HAVE_STDINT_H 1
| #define HAVE_UNISTD_H 1
| #define __EXTENSIONS__ 1
| #define _ALL_SOURCE 1
| #define _GNU_SOURCE 1
| #define _POSIX_PTHREAD_SEMANTICS 1
| #define _TANDEM_SOURCE 1
| #define HAVE_DIRENT_H 1
| #define HAVE_FCNTL_H 1
| #define HAVE_INTTYPES_H 1
| /* end confdefs.h.  */
| #include <stdio.h>
| #ifdef HAVE_SYS_TYPES_H
| # include <sys/types.h>
| #endif
| #ifdef HAVE_SYS_STAT_H
| # include <sys/stat.h>
| #endif
| #ifdef STDC_HEADERS
| # include <stdlib.h>
| # include <stddef.h>
| #else
| # ifdef HAVE_STDLIB_H
| #  include <stdlib.h>
| # endif
| #endif
| #ifdef HAVE_STRING_H
| # if !defined STDC_HEADERS && defined HAVE_MEMORY_H
| #  include <memory.h>
| # endif
| # include <string.h>
| #endif
| #ifdef HAVE_STRINGS_H
| # include <strings.h>
| #endif
| #ifdef HAVE_INTTYPES_H
| # include <inttypes.h>
| #endif
| #ifdef HAVE_STDINT_H
| # include <stdint.h>
| #endif
| #ifdef HAVE_UNISTD_H
| # include <unistd.h>
| #endif
| #include <ndir.h>
configure:5057: result: no
configure:5057: checking ndir.h presence
configure:5057: /mnt/build/bin/musl-gcc -static -E -I/mnt/build/include conftest.c
conftest.c:29:10: fatal error: ndir.h: No such file or directory
   29 | #include <ndir.h>
      |          ^~~~~~~~
compilation terminated.
configure:5057: $? = 1
configure: failed program was:
| /* confdefs.h */
| #define PACKAGE_NAME "tmux"
| #define PACKAGE_TARNAME "tmux"
| #define PACKAGE_VERSION "3.6a"
| #define PACKAGE_STRING "tmux 3.6a"
| #define PACKAGE_BUGREPORT ""
| #define PACKAGE_URL ""
| #define PACKAGE "tmux"
| #define VERSION "3.6a"
| #define STDC_HEADERS 1
| #define HAVE_SYS_TYPES_H 1
| #define HAVE_SYS_STAT_H 1
| #define HAVE_STDLIB_H 1
| #define HAVE_STRING_H 1
| #define HAVE_MEMORY_H 1
| #define HAVE_STRINGS_H 1
| #define HAVE_INTTYPES_H 1
| #define HAVE_STDINT_H 1
| #define HAVE_UNISTD_H 1
| #define __EXTENSIONS__ 1
| #define _ALL_SOURCE 1
| #define _GNU_SOURCE 1
| #define _POSIX_PTHREAD_SEMANTICS 1
| #define _TANDEM_SOURCE 1
| #define HAVE_DIRENT_H 1
| #define HAVE_FCNTL_H 1
| #define HAVE_INTTYPES_H 1
| /* end confdefs.h.  */
| #include <ndir.h>
configure:5057: result: no
configure:5057: checking for ndir.h
configure:5057: result: no
configure:5057: checking paths.h usability
configure:5057: /mnt/build/bin/musl-gcc -static -c -I/mnt/build/include -I/mnt/build/include conftest.c >&5
configure:5057: $? = 0
configure:5057: result: yes
configure:5057: checking paths.h presence
configure:5057: /mnt/build/bin/musl-gcc -static -E -I/mnt/build/include conftest.c
configure:5057: $? = 0
configure:5057: result: yes
configure:5057: checking for paths.h
configure:5057: result: yes
configure:5057: checking pty.h usability
configure:5057: /mnt/build/bin/musl-gcc -static -c -I/mnt/build/include -I/mnt/build/include conftest.c >&5
configure:5057: $? = 0
configure:5057: result: yes
configure:5057: checking pty.h presence
configure:5057: /mnt/build/bin/musl-gcc -static -E -I/mnt/build/include conftest.c
configure:5057: $? = 0
configure:5057: result: yes
configure:5057: checking for pty.h
configure:5057: result: yes
configure:5057: checking for stdint.h
configure:5057: result: yes
configure:5057: checking sys/dir.h usability
configure:5057: /mnt/build/bin/musl-gcc -static -c -I/mnt/build/include -I/mnt/build/include conftest.c >&5
configure:5057: $? = 0
configure:5057: result: yes
configure:5057: checking sys/dir.h presence
configure:5057: /mnt/build/bin/musl-gcc -static -E -I/mnt/build/include conftest.c
configure:5057: $? = 0
configure:5057: result: yes
configure:5057: checking for sys/dir.h
configure:5057: result: yes
configure:5057: checking sys/ndir.h usability
configure:5057: /mnt/build/bin/musl-gcc -static -c -I/mnt/build/include -I/mnt/build/include conftest.c >&5
conftest.c:66:10: fatal error: sys/ndir.h: No such file or directory
   66 | #include <sys/ndir.h>
      |          ^~~~~~~~~~~~
compilation terminated.
configure:5057: $? = 1
configure: failed program was:
| /* confdefs.h */
| #define PACKAGE_NAME "tmux"
| #define PACKAGE_TARNAME "tmux"
| #define PACKAGE_VERSION "3.6a"
| #define PACKAGE_STRING "tmux 3.6a"
| #define PACKAGE_BUGREPORT ""
| #define PACKAGE_URL ""
| #define PACKAGE "tmux"
| #define VERSION "3.6a"
| #define STDC_HEADERS 1
| #define HAVE_SYS_TYPES_H 1
| #define HAVE_SYS_STAT_H 1
| #define HAVE_STDLIB_H 1
| #define HAVE_STRING_H 1
| #define HAVE_MEMORY_H 1
| #define HAVE_STRINGS_H 1
| #define HAVE_INTTYPES_H 1
| #define HAVE_STDINT_H 1
| #define HAVE_UNISTD_H 1
| #define __EXTENSIONS__ 1
| #define _ALL_SOURCE 1
| #define _GNU_SOURCE 1
| #define _POSIX_PTHREAD_SEMANTICS 1
| #define _TANDEM_SOURCE 1
| #define HAVE_DIRENT_H 1
| #define HAVE_FCNTL_H 1
| #define HAVE_INTTYPES_H 1
| #define HAVE_PATHS_H 1
| #define HAVE_PTY_H 1
| #define HAVE_STDINT_H 1
| #define HAVE_SYS_DIR_H 1
| /* end confdefs.h.  */
| #include <stdio.h>
| #ifdef HAVE_SYS_TYPES_H
| # include <sys/types.h>
| #endif
| #ifdef HAVE_SYS_STAT_H
| # include <sys/stat.h>
| #endif
| #ifdef STDC_HEADERS
| # include <stdlib.h>
| # include <stddef.h>
| #else
| # ifdef HAVE_STDLIB_H
| #  include <stdlib.h>
| # endif
| #endif
| #ifdef HAVE_STRING_H
| # if !defined STDC_HEADERS && defined HAVE_MEMORY_H
| #  include <memory.h>
| # endif
| # include <string.h>
| #endif
| #ifdef HAVE_STRINGS_H
| # include <strings.h>
| #endif
| #ifdef HAVE_INTTYPES_H
| # include <inttypes.h>
| #endif
| #ifdef HAVE_STDINT_H
| # include <stdint.h>
| #endif
| #ifdef HAVE_UNISTD_H
| # include <unistd.h>
| #endif
| #include <sys/ndir.h>
configure:5057: result: no
configure:5057: checking sys/ndir.h presence
configure:5057: /mnt/build/bin/musl-gcc -static -E -I/mnt/build/include conftest.c
conftest.c:33:10: fatal error: sys/ndir.h: No such file or directory
   33 | #include <sys/ndir.h>
      |          ^~~~~~~~~~~~
compilation terminated.
configure:5057: $? = 1
configure: failed program was:
| /* confdefs.h */
| #define PACKAGE_NAME "tmux"
| #define PACKAGE_TARNAME "tmux"
| #define PACKAGE_VERSION "3.6a"
| #define PACKAGE_STRING "tmux 3.6a"
| #define PACKAGE_BUGREPORT ""
| #define PACKAGE_URL ""
| #define PACKAGE "tmux"
| #define VERSION "3.6a"
| #define STDC_HEADERS 1
| #define HAVE_SYS_TYPES_H 1
| #define HAVE_SYS_STAT_H 1
| #define HAVE_STDLIB_H 1
| #define HAVE_STRING_H 1
| #define HAVE_MEMORY_H 1
| #define HAVE_STRINGS_H 1
| #define HAVE_INTTYPES_H 1
| #define HAVE_STDINT_H 1
| #define HAVE_UNISTD_H 1
| #define __EXTENSIONS__ 1
| #define _ALL_SOURCE 1
| #define _GNU_SOURCE 1
| #define _POSIX_PTHREAD_SEMANTICS 1
| #define _TANDEM_SOURCE 1
| #define HAVE_DIRENT_H 1
| #define HAVE_FCNTL_H 1
| #define HAVE_INTTYPES_H 1
| #define HAVE_PATHS_H 1
| #define HAVE_PTY_H 1
| #define HAVE_STDINT_H 1
| #define HAVE_SYS_DIR_H 1
| /* end confdefs.h.  */
| #include <sys/ndir.h>
configure:5057: result: no
configure:5057: checking for sys/ndir.h
configure:5057: result: no
configure:5057: checking sys/tree.h usability
configure:5057: /mnt/build/bin/musl-gcc -static -c -I/mnt/build/include -I/mnt/build/include conftest.c >&5
conftest.c:66:10: fatal error: sys/tree.h: No such file or directory
   66 | #include <sys/tree.h>
      |          ^~~~~~~~~~~~
compilation terminated.
configure:5057: $? = 1
configure: failed program was:
| /* confdefs.h */
| #define PACKAGE_NAME "tmux"
| #define PACKAGE_TARNAME "tmux"
| #define PACKAGE_VERSION "3.6a"
| #define PACKAGE_STRING "tmux 3.6a"
| #define PACKAGE_BUGREPORT ""
| #define PACKAGE_URL ""
| #define PACKAGE "tmux"
| #define VERSION "3.6a"
| #define STDC_HEADERS 1
| #define HAVE_SYS_TYPES_H 1
| #define HAVE_SYS_STAT_H 1
| #define HAVE_STDLIB_H 1
| #define HAVE_STRING_H 1
| #define HAVE_MEMORY_H 1
| #define HAVE_STRINGS_H 1
| #define HAVE_INTTYPES_H 1
| #define HAVE_STDINT_H 1
| #define HAVE_UNISTD_H 1
| #define __EXTENSIONS__ 1
| #define _ALL_SOURCE 1
| #define _GNU_SOURCE 1
| #define _POSIX_PTHREAD_SEMANTICS 1
| #define _TANDEM_SOURCE 1
| #define HAVE_DIRENT_H 1
| #define HAVE_FCNTL_H 1
| #define HAVE_INTTYPES_H 1
| #define HAVE_PATHS_H 1
| #define HAVE_PTY_H 1
| #define HAVE_STDINT_H 1
| #define HAVE_SYS_DIR_H 1
| /* end confdefs.h.  */
| #include <stdio.h>
| #ifdef HAVE_SYS_TYPES_H
| # include <sys/types.h>
| #endif
| #ifdef HAVE_SYS_STAT_H
| # include <sys/stat.h>
| #endif
| #ifdef STDC_HEADERS
| # include <stdlib.h>
| # include <stddef.h>
| #else
| # ifdef HAVE_STDLIB_H
| #  include <stdlib.h>
| # endif
| #endif
| #ifdef HAVE_STRING_H
| # if !defined STDC_HEADERS && defined HAVE_MEMORY_H
| #  include <memory.h>
| # endif
| # include <string.h>
| #endif
| #ifdef HAVE_STRINGS_H
| # include <strings.h>
| #endif
| #ifdef HAVE_INTTYPES_H
| # include <inttypes.h>
| #endif
| #ifdef HAVE_STDINT_H
| # include <stdint.h>
| #endif
| #ifdef HAVE_UNISTD_H
| # include <unistd.h>
| #endif
| #include <sys/tree.h>
configure:5057: result: no
configure:5057: checking sys/tree.h presence
configure:5057: /mnt/build/bin/musl-gcc -static -E -I/mnt/build/include conftest.c
conftest.c:33:10: fatal error: sys/tree.h: No such file or directory
   33 | #include <sys/tree.h>
      |          ^~~~~~~~~~~~
compilation terminated.
configure:5057: $? = 1
configure: failed program was:
| /* confdefs.h */
| #define PACKAGE_NAME "tmux"
| #define PACKAGE_TARNAME "tmux"
| #define PACKAGE_VERSION "3.6a"
| #define PACKAGE_STRING "tmux 3.6a"
| #define PACKAGE_BUGREPORT ""
| #define PACKAGE_URL ""
| #define PACKAGE "tmux"
| #define VERSION "3.6a"
| #define STDC_HEADERS 1
| #define HAVE_SYS_TYPES_H 1
| #define HAVE_SYS_STAT_H 1
| #define HAVE_STDLIB_H 1
| #define HAVE_STRING_H 1
| #define HAVE_MEMORY_H 1
| #define HAVE_STRINGS_H 1
| #define HAVE_INTTYPES_H 1
| #define HAVE_STDINT_H 1
| #define HAVE_UNISTD_H 1
| #define __EXTENSIONS__ 1
| #define _ALL_SOURCE 1
| #define _GNU_SOURCE 1
| #define _POSIX_PTHREAD_SEMANTICS 1
| #define _TANDEM_SOURCE 1
| #define HAVE_DIRENT_H 1
| #define HAVE_FCNTL_H 1
| #define HAVE_INTTYPES_H 1
| #define HAVE_PATHS_H 1
| #define HAVE_PTY_H 1
| #define HAVE_STDINT_H 1
| #define HAVE_SYS_DIR_H 1
| /* end confdefs.h.  */
| #include <sys/tree.h>
configure:5057: result: no
configure:5057: checking for sys/tree.h
configure:5057: result: no
configure:5057: checking ucred.h usability
configure:5057: /mnt/build/bin/musl-gcc -static -c -I/mnt/build/include -I/mnt/build/include conftest.c >&5
conftest.c:66:10: fatal error: ucred.h: No such file or directory
   66 | #include <ucred.h>
      |          ^~~~~~~~~
compilation terminated.
configure:5057: $? = 1
configure: failed program was:
| /* confdefs.h */
| #define PACKAGE_NAME "tmux"
| #define PACKAGE_TARNAME "tmux"
| #define PACKAGE_VERSION "3.6a"
| #define PACKAGE_STRING "tmux 3.6a"
| #define PACKAGE_BUGREPORT ""
| #define PACKAGE_URL ""
| #define PACKAGE "tmux"
| #define VERSION "3.6a"
| #define STDC_HEADERS 1
| #define HAVE_SYS_TYPES_H 1
| #define HAVE_SYS_STAT_H 1
| #define HAVE_STDLIB_H 1
| #define HAVE_STRING_H 1
| #define HAVE_MEMORY_H 1
| #define HAVE_STRINGS_H 1
| #define HAVE_INTTYPES_H 1
| #define HAVE_STDINT_H 1
| #define HAVE_UNISTD_H 1
| #define __EXTENSIONS__ 1
| #define _ALL_SOURCE 1
| #define _GNU_SOURCE 1
| #define _POSIX_PTHREAD_SEMANTICS 1
| #define _TANDEM_SOURCE 1
| #define HAVE_DIRENT_H 1
| #define HAVE_FCNTL_H 1
| #define HAVE_INTTYPES_H 1
| #define HAVE_PATHS_H 1
| #define HAVE_PTY_H 1
| #define HAVE_STDINT_H 1
| #define HAVE_SYS_DIR_H 1
| /* end confdefs.h.  */
| #include <stdio.h>
| #ifdef HAVE_SYS_TYPES_H
| # include <sys/types.h>
| #endif
| #ifdef HAVE_SYS_STAT_H
| # include <sys/stat.h>
| #endif
| #ifdef STDC_HEADERS
| # include <stdlib.h>
| # include <stddef.h>
| #else
| # ifdef HAVE_STDLIB_H
| #  include <stdlib.h>
| # endif
| #endif
| #ifdef HAVE_STRING_H
| # if !defined STDC_HEADERS && defined HAVE_MEMORY_H
| #  include <memory.h>
| # endif
| # include <string.h>
| #endif
| #ifdef HAVE_STRINGS_H
| # include <strings.h>
| #endif
| #ifdef HAVE_INTTYPES_H
| # include <inttypes.h>
| #endif
| #ifdef HAVE_STDINT_H
| # include <stdint.h>
| #endif
| #ifdef HAVE_UNISTD_H
| # include <unistd.h>
| #endif
| #include <ucred.h>
configure:5057: result: no
configure:5057: checking ucred.h presence
configure:5057: /mnt/build/bin/musl-gcc -static -E -I/mnt/build/include conftest.c
conftest.c:33:10: fatal error: ucred.h: No such file or directory
   33 | #include <ucred.h>
      |          ^~~~~~~~~
compilation terminated.
configure:5057: $? = 1
configure: failed program was:
| /* confdefs.h */
| #define PACKAGE_NAME "tmux"
| #define PACKAGE_TARNAME "tmux"
| #define PACKAGE_VERSION "3.6a"
| #define PACKAGE_STRING "tmux 3.6a"
| #define PACKAGE_BUGREPORT ""
| #define PACKAGE_URL ""
| #define PACKAGE "tmux"
| #define VERSION "3.6a"
| #define STDC_HEADERS 1
| #define HAVE_SYS_TYPES_H 1
| #define HAVE_SYS_STAT_H 1
| #define HAVE_STDLIB_H 1
| #define HAVE_STRING_H 1
| #define HAVE_MEMORY_H 1
| #define HAVE_STRINGS_H 1
| #define HAVE_INTTYPES_H 1
| #define HAVE_STDINT_H 1
| #define HAVE_UNISTD_H 1
| #define __EXTENSIONS__ 1
| #define _ALL_SOURCE 1
| #define _GNU_SOURCE 1
| #define _POSIX_PTHREAD_SEMANTICS 1
| #define _TANDEM_SOURCE 1
| #define HAVE_DIRENT_H 1
| #define HAVE_FCNTL_H 1
| #define HAVE_INTTYPES_H 1
| #define HAVE_PATHS_H 1
| #define HAVE_PTY_H 1
| #define HAVE_STDINT_H 1
| #define HAVE_SYS_DIR_H 1
| /* end confdefs.h.  */
| #include <ucred.h>
configure:5057: result: no
configure:5057: checking for ucred.h
configure:5057: result: no
configure:5057: checking util.h usability
configure:5057: /mnt/build/bin/musl-gcc -static -c -I/mnt/build/include -I/mnt/build/include conftest.c >&5
conftest.c:66:10: fatal error: util.h: No such file or directory
   66 | #include <util.h>
      |          ^~~~~~~~
compilation terminated.
configure:5057: $? = 1
configure: failed program was:
| /* confdefs.h */
| #define PACKAGE_NAME "tmux"
| #define PACKAGE_TARNAME "tmux"
| #define PACKAGE_VERSION "3.6a"
| #define PACKAGE_STRING "tmux 3.6a"
| #define PACKAGE_BUGREPORT ""
| #define PACKAGE_URL ""
| #define PACKAGE "tmux"
| #define VERSION "3.6a"
| #define STDC_HEADERS 1
| #define HAVE_SYS_TYPES_H 1
| #define HAVE_SYS_STAT_H 1
| #define HAVE_STDLIB_H 1
| #define HAVE_STRING_H 1
| #define HAVE_MEMORY_H 1
| #define HAVE_STRINGS_H 1
| #define HAVE_INTTYPES_H 1
| #define HAVE_STDINT_H 1
| #define HAVE_UNISTD_H 1
| #define __EXTENSIONS__ 1
| #define _ALL_SOURCE 1
| #define _GNU_SOURCE 1
| #define _POSIX_PTHREAD_SEMANTICS 1
| #define _TANDEM_SOURCE 1
| #define HAVE_DIRENT_H 1
| #define HAVE_FCNTL_H 1
| #define HAVE_INTTYPES_H 1
| #define HAVE_PATHS_H 1
| #define HAVE_PTY_H 1
| #define HAVE_STDINT_H 1
| #define HAVE_SYS_DIR_H 1
| /* end confdefs.h.  */
| #include <stdio.h>
| #ifdef HAVE_SYS_TYPES_H
| # include <sys/types.h>
| #endif
| #ifdef HAVE_SYS_STAT_H
| # include <sys/stat.h>
| #endif
| #ifdef STDC_HEADERS
| # include <stdlib.h>
| # include <stddef.h>
| #else
| # ifdef HAVE_STDLIB_H
| #  include <stdlib.h>
| # endif
| #endif
| #ifdef HAVE_STRING_H
| # if !defined STDC_HEADERS && defined HAVE_MEMORY_H
| #  include <memory.h>
| # endif
| # include <string.h>
| #endif
| #ifdef HAVE_STRINGS_H
| # include <strings.h>
| #endif
| #ifdef HAVE_INTTYPES_H
| # include <inttypes.h>
| #endif
| #ifdef HAVE_STDINT_H
| # include <stdint.h>
| #endif
| #ifdef HAVE_UNISTD_H
| # include <unistd.h>
| #endif
| #include <util.h>
configure:5057: result: no
configure:5057: checking util.h presence
configure:5057: /mnt/build/bin/musl-gcc -static -E -I/mnt/build/include conftest.c
conftest.c:33:10: fatal error: util.h: No such file or directory
   33 | #include <util.h>
      |          ^~~~~~~~
compilation terminated.
configure:5057: $? = 1
configure: failed program was:
| /* confdefs.h */
| #define PACKAGE_NAME "tmux"
| #define PACKAGE_TARNAME "tmux"
| #define PACKAGE_VERSION "3.6a"
| #define PACKAGE_STRING "tmux 3.6a"
| #define PACKAGE_BUGREPORT ""
| #define PACKAGE_URL ""
| #define PACKAGE "tmux"
| #define VERSION "3.6a"
| #define STDC_HEADERS 1
| #define HAVE_SYS_TYPES_H 1
| #define HAVE_SYS_STAT_H 1
| #define HAVE_STDLIB_H 1
| #define HAVE_STRING_H 1
| #define HAVE_MEMORY_H 1
| #define HAVE_STRINGS_H 1
| #define HAVE_INTTYPES_H 1
| #define HAVE_STDINT_H 1
| #define HAVE_UNISTD_H 1
| #define __EXTENSIONS__ 1
| #define _ALL_SOURCE 1
| #define _GNU_SOURCE 1
| #define _POSIX_PTHREAD_SEMANTICS 1
| #define _TANDEM_SOURCE 1
| #define HAVE_DIRENT_H 1
| #define HAVE_FCNTL_H 1
| #define HAVE_INTTYPES_H 1
| #define HAVE_PATHS_H 1
| #define HAVE_PTY_H 1
| #define HAVE_STDINT_H 1
| #define HAVE_SYS_DIR_H 1
| /* end confdefs.h.  */
| #include <util.h>
configure:5057: result: no
configure:5057: checking for util.h
configure:5057: result: no
configure:5069: checking for library containing sys_signame
configure:5100: /mnt/build/bin/musl-gcc -static -o conftest -I/mnt/build/include -I/mnt/build/include -static  -L/mnt/build/lib conftest.c  >&5
/usr/bin/ld: /tmp/ccSsZDl5.o: in function `main':
conftest.c:(.text+0xa): undefined reference to `sys_signame'
collect2: error: ld returned 1 exit status
configure:5100: $? = 1
configure: failed program was:
| /* confdefs.h */
| #define PACKAGE_NAME "tmux"
| #define PACKAGE_TARNAME "tmux"
| #define PACKAGE_VERSION "3.6a"
| #define PACKAGE_STRING "tmux 3.6a"
| #define PACKAGE_BUGREPORT ""
| #define PACKAGE_URL ""
| #define PACKAGE "tmux"
| #define VERSION "3.6a"
| #define STDC_HEADERS 1
| #define HAVE_SYS_TYPES_H 1
| #define HAVE_SYS_STAT_H 1
| #define HAVE_STDLIB_H 1
| #define HAVE_STRING_H 1
| #define HAVE_MEMORY_H 1
| #define HAVE_STRINGS_H 1
| #define HAVE_INTTYPES_H 1
| #define HAVE_STDINT_H 1
| #define HAVE_UNISTD_H 1
| #define __EXTENSIONS__ 1
| #define _ALL_SOURCE 1
| #define _GNU_SOURCE 1
| #define _POSIX_PTHREAD_SEMANTICS 1
| #define _TANDEM_SOURCE 1
| #define HAVE_DIRENT_H 1
| #define HAVE_FCNTL_H 1
| #define HAVE_INTTYPES_H 1
| #define HAVE_PATHS_H 1
| #define HAVE_PTY_H 1
| #define HAVE_STDINT_H 1
| #define HAVE_SYS_DIR_H 1
| /* end confdefs.h.  */
| 
| /* Override any GCC internal prototype to avoid an error.
|    Use char because int might match the return type of a GCC
|    builtin and then its argument prototype would still apply.  */
| #ifdef __cplusplus
| extern "C"
| #endif
| char sys_signame ();
| int
| main ()
| {
| return sys_signame ();
|   ;
|   return 0;
| }
configure:5117: result: no
configure:5128: checking for fmod in -lm
configure:5153: /mnt/build/bin/musl-gcc -static -o conftest -I/mnt/build/include -I/mnt/build/include -static  -L/mnt/build/lib conftest.c -lm   >&5
conftest.c:40:6: warning: conflicting types for built-in function 'fmod'; expected 'double(double,  double)' [-Wbuiltin-declaration-mismatch]
   40 | char fmod ();
      |      ^~~~
conftest.c:1:1: note: 'fmod' is declared in header '<math.h>'
    1 | /* confdefs.h */
configure:5153: $? = 0
configure:5162: result: yes
configure:5175: checking for library containing flock
configure:5206: /mnt/build/bin/musl-gcc -static -o conftest -I/mnt/build/include -I/mnt/build/include -static  -L/mnt/build/lib conftest.c -lm  >&5
configure:5206: $? = 0
configure:5223: result: none required
configure:5243: checking for dirfd
configure:5243: /mnt/build/bin/musl-gcc -static -o conftest -I/mnt/build/include -I/mnt/build/include -static  -L/mnt/build/lib conftest.c -lm  >&5
configure:5243: $? = 0
configure:5243: result: yes
configure:5243: checking for flock
configure:5243: /mnt/build/bin/musl-gcc -static -o conftest -I/mnt/build/include -I/mnt/build/include -static  -L/mnt/build/lib conftest.c -lm  >&5
configure:5243: $? = 0
configure:5243: result: yes
configure:5243: checking for prctl
configure:5243: /mnt/build/bin/musl-gcc -static -o conftest -I/mnt/build/include -I/mnt/build/include -static  -L/mnt/build/lib conftest.c -lm  >&5
configure:5243: $? = 0
configure:5243: result: yes
configure:5243: checking for proc_pidinfo
configure:5243: /mnt/build/bin/musl-gcc -static -o conftest -I/mnt/build/include -I/mnt/build/include -static  -L/mnt/build/lib conftest.c -lm  >&5
/usr/bin/ld: /tmp/ccDngyNT.o: in function `main':
conftest.c:(.text+0xa): undefined reference to `proc_pidinfo'
collect2: error: ld returned 1 exit status
configure:5243: $? = 1
configure: failed program was:
| /* confdefs.h */
| #define PACKAGE_NAME "tmux"
| #define PACKAGE_TARNAME "tmux"
| #define PACKAGE_VERSION "3.6a"
| #define PACKAGE_STRING "tmux 3.6a"
| #define PACKAGE_BUGREPORT ""
| #define PACKAGE_URL ""
| #define PACKAGE "tmux"
| #define VERSION "3.6a"
| #define STDC_HEADERS 1
| #define HAVE_SYS_TYPES_H 1
| #define HAVE_SYS_STAT_H 1
| #define HAVE_STDLIB_H 1
| #define HAVE_STRING_H 1
| #define HAVE_MEMORY_H 1
| #define HAVE_STRINGS_H 1
| #define HAVE_INTTYPES_H 1
| #define HAVE_STDINT_H 1
| #define HAVE_UNISTD_H 1
| #define __EXTENSIONS__ 1
| #define _ALL_SOURCE 1
| #define _GNU_SOURCE 1
| #define _POSIX_PTHREAD_SEMANTICS 1
| #define _TANDEM_SOURCE 1
| #define HAVE_DIRENT_H 1
| #define HAVE_FCNTL_H 1
| #define HAVE_INTTYPES_H 1
| #define HAVE_PATHS_H 1
| #define HAVE_PTY_H 1
| #define HAVE_STDINT_H 1
| #define HAVE_SYS_DIR_H 1
| #define HAVE_LIBM 1
| #define HAVE_DIRFD 1
| #define HAVE_FLOCK 1
| #define HAVE_PRCTL 1
| /* end confdefs.h.  */
| /* Define proc_pidinfo to an innocuous variant, in case <limits.h> declares proc_pidinfo.
|    For example, HP-UX 11i <limits.h> declares gettimeofday.  */
| #define proc_pidinfo innocuous_proc_pidinfo
| 
| /* System header to define __stub macros and hopefully few prototypes,
|     which can conflict with char proc_pidinfo (); below.
|     Prefer <limits.h> to <assert.h> if __STDC__ is defined, since
|     <limits.h> exists even on freestanding compilers.  */
| 
| #ifdef __STDC__
| # include <limits.h>
| #else
| # include <assert.h>
| #endif
| 
| #undef proc_pidinfo
| 
| /* Override any GCC internal prototype to avoid an error.
|    Use char because int might match the return type of a GCC
|    builtin and then its argument prototype would still apply.  */
| #ifdef __cplusplus
| extern "C"
| #endif
| char proc_pidinfo ();
| /* The GNU C library defines this for functions which it implements
|     to always fail with ENOSYS.  Some functions are actually named
|     something starting with __ and the normal name is an alias.  */
| #if defined __stub_proc_pidinfo || defined __stub___proc_pidinfo
| choke me
| #endif
| 
| int
| main ()
| {
| return proc_pidinfo ();
|   ;
|   return 0;
| }
configure:5243: result: no
configure:5243: checking for getpeerucred
configure:5243: /mnt/build/bin/musl-gcc -static -o conftest -I/mnt/build/include -I/mnt/build/include -static  -L/mnt/build/lib conftest.c -lm  >&5
/usr/bin/ld: /tmp/ccEpd8qq.o: in function `main':
conftest.c:(.text+0xa): undefined reference to `getpeerucred'
collect2: error: ld returned 1 exit status
configure:5243: $? = 1
configure: failed program was:
| /* confdefs.h */
| #define PACKAGE_NAME "tmux"
| #define PACKAGE_TARNAME "tmux"
| #define PACKAGE_VERSION "3.6a"
| #define PACKAGE_STRING "tmux 3.6a"
| #define PACKAGE_BUGREPORT ""
| #define PACKAGE_URL ""
| #define PACKAGE "tmux"
| #define VERSION "3.6a"
| #define STDC_HEADERS 1
| #define HAVE_SYS_TYPES_H 1
| #define HAVE_SYS_STAT_H 1
| #define HAVE_STDLIB_H 1
| #define HAVE_STRING_H 1
| #define HAVE_MEMORY_H 1
| #define HAVE_STRINGS_H 1
| #define HAVE_INTTYPES_H 1
| #define HAVE_STDINT_H 1
| #define HAVE_UNISTD_H 1
| #define __EXTENSIONS__ 1
| #define _ALL_SOURCE 1
| #define _GNU_SOURCE 1
| #define _POSIX_PTHREAD_SEMANTICS 1
| #define _TANDEM_SOURCE 1
| #define HAVE_DIRENT_H 1
| #define HAVE_FCNTL_H 1
| #define HAVE_INTTYPES_H 1
| #define HAVE_PATHS_H 1
| #define HAVE_PTY_H 1
| #define HAVE_STDINT_H 1
| #define HAVE_SYS_DIR_H 1
| #define HAVE_LIBM 1
| #define HAVE_DIRFD 1
| #define HAVE_FLOCK 1
| #define HAVE_PRCTL 1
| /* end confdefs.h.  */
| /* Define getpeerucred to an innocuous variant, in case <limits.h> declares getpeerucred.
|    For example, HP-UX 11i <limits.h> declares gettimeofday.  */
| #define getpeerucred innocuous_getpeerucred
| 
| /* System header to define __stub macros and hopefully few prototypes,
|     which can conflict with char getpeerucred (); below.
|     Prefer <limits.h> to <assert.h> if __STDC__ is defined, since
|     <limits.h> exists even on freestanding compilers.  */
| 
| #ifdef __STDC__
| # include <limits.h>
| #else
| # include <assert.h>
| #endif
| 
| #undef getpeerucred
| 
| /* Override any GCC internal prototype to avoid an error.
|    Use char because int might match the return type of a GCC
|    builtin and then its argument prototype would still apply.  */
| #ifdef __cplusplus
| extern "C"
| #endif
| char getpeerucred ();
| /* The GNU C library defines this for functions which it implements
|     to always fail with ENOSYS.  Some functions are actually named
|     something starting with __ and the normal name is an alias.  */
| #if defined __stub_getpeerucred || defined __stub___getpeerucred
| choke me
| #endif
| 
| int
| main ()
| {
| return getpeerucred ();
|   ;
|   return 0;
| }
configure:5243: result: no
configure:5243: checking for sysconf
configure:5243: /mnt/build/bin/musl-gcc -static -o conftest -I/mnt/build/include -I/mnt/build/include -static  -L/mnt/build/lib conftest.c -lm  >&5
configure:5243: $? = 0
configure:5243: result: yes
configure:5254: checking for asprintf
configure:5254: /mnt/build/bin/musl-gcc -static -o conftest -I/mnt/build/include -I/mnt/build/include -static  -L/mnt/build/lib conftest.c -lm  >&5
configure:5254: $? = 0
configure:5254: result: yes
configure:5267: checking for cfmakeraw
configure:5267: /mnt/build/bin/musl-gcc -static -o conftest -I/mnt/build/include -I/mnt/build/include -static  -L/mnt/build/lib conftest.c -lm  >&5
configure:5267: $? = 0
configure:5267: result: yes
configure:5280: checking for clock_gettime
configure:5280: /mnt/build/bin/musl-gcc -static -o conftest -I/mnt/build/include -I/mnt/build/include -static  -L/mnt/build/lib conftest.c -lm  >&5
configure:5280: $? = 0
configure:5280: result: yes
configure:5293: checking for closefrom
configure:5293: /mnt/build/bin/musl-gcc -static -o conftest -I/mnt/build/include -I/mnt/build/include -static  -L/mnt/build/lib conftest.c -lm  >&5
/usr/bin/ld: /tmp/cc3UMItV.o: in function `main':
conftest.c:(.text+0xa): undefined reference to `closefrom'
collect2: error: ld returned 1 exit status
configure:5293: $? = 1
configure: failed program was:
| /* confdefs.h */
| #define PACKAGE_NAME "tmux"
| #define PACKAGE_TARNAME "tmux"
| #define PACKAGE_VERSION "3.6a"
| #define PACKAGE_STRING "tmux 3.6a"
| #define PACKAGE_BUGREPORT ""
| #define PACKAGE_URL ""
| #define PACKAGE "tmux"
| #define VERSION "3.6a"
| #define STDC_HEADERS 1
| #define HAVE_SYS_TYPES_H 1
| #define HAVE_SYS_STAT_H 1
| #define HAVE_STDLIB_H 1
| #define HAVE_STRING_H 1
| #define HAVE_MEMORY_H 1
| #define HAVE_STRINGS_H 1
| #define HAVE_INTTYPES_H 1
| #define HAVE_STDINT_H 1
| #define HAVE_UNISTD_H 1
| #define __EXTENSIONS__ 1
| #define _ALL_SOURCE 1
| #define _GNU_SOURCE 1
| #define _POSIX_PTHREAD_SEMANTICS 1
| #define _TANDEM_SOURCE 1
| #define HAVE_DIRENT_H 1
| #define HAVE_FCNTL_H 1
| #define HAVE_INTTYPES_H 1
| #define HAVE_PATHS_H 1
| #define HAVE_PTY_H 1
| #define HAVE_STDINT_H 1
| #define HAVE_SYS_DIR_H 1
| #define HAVE_LIBM 1
| #define HAVE_DIRFD 1
| #define HAVE_FLOCK 1
| #define HAVE_PRCTL 1
| #define HAVE_SYSCONF 1
| #define HAVE_ASPRINTF 1
| #define HAVE_CFMAKERAW 1
| #define HAVE_CLOCK_GETTIME 1
| /* end confdefs.h.  */
| /* Define closefrom to an innocuous variant, in case <limits.h> declares closefrom.
|    For example, HP-UX 11i <limits.h> declares gettimeofday.  */
| #define closefrom innocuous_closefrom
| 
| /* System header to define __stub macros and hopefully few prototypes,
|     which can conflict with char closefrom (); below.
|     Prefer <limits.h> to <assert.h> if __STDC__ is defined, since
|     <limits.h> exists even on freestanding compilers.  */
| 
| #ifdef __STDC__
| # include <limits.h>
| #else
| # include <assert.h>
| #endif
| 
| #undef closefrom
| 
| /* Override any GCC internal prototype to avoid an error.
|    Use char because int might match the return type of a GCC
|    builtin and then its argument prototype would still apply.  */
| #ifdef __cplusplus
| extern "C"
| #endif
| char closefrom ();
| /* The GNU C library defines this for functions which it implements
|     to always fail with ENOSYS.  Some functions are actually named
|     something starting with __ and the normal name is an alias.  */
| #if defined __stub_closefrom || defined __stub___closefrom
| choke me
| #endif
| 
| int
| main ()
| {
| return closefrom ();
|   ;
|   return 0;
| }
configure:5293: result: no
configure:5306: checking for explicit_bzero
configure:5306: /mnt/build/bin/musl-gcc -static -o conftest -I/mnt/build/include -I/mnt/build/include -static  -L/mnt/build/lib conftest.c -lm  >&5
configure:5306: $? = 0
configure:5306: result: yes
configure:5319: checking for fgetln
configure:5319: /mnt/build/bin/musl-gcc -static -o conftest -I/mnt/build/include -I/mnt/build/include -static  -L/mnt/build/lib conftest.c -lm  >&5
configure:5319: $? = 0
configure:5319: result: yes
configure:5332: checking for freezero
configure:5332: /mnt/build/bin/musl-gcc -static -o conftest -I/mnt/build/include -I/mnt/build/include -static  -L/mnt/build/lib conftest.c -lm  >&5
/usr/bin/ld: /tmp/ccEnfHQJ.o: in function `main':
conftest.c:(.text+0xa): undefined reference to `freezero'
collect2: error: ld returned 1 exit status
configure:5332: $? = 1
configure: failed program was:
| /* confdefs.h */
| #define PACKAGE_NAME "tmux"
| #define PACKAGE_TARNAME "tmux"
| #define PACKAGE_VERSION "3.6a"
| #define PACKAGE_STRING "tmux 3.6a"
| #define PACKAGE_BUGREPORT ""
| #define PACKAGE_URL ""
| #define PACKAGE "tmux"
| #define VERSION "3.6a"
| #define STDC_HEADERS 1
| #define HAVE_SYS_TYPES_H 1
| #define HAVE_SYS_STAT_H 1
| #define HAVE_STDLIB_H 1
| #define HAVE_STRING_H 1
| #define HAVE_MEMORY_H 1
| #define HAVE_STRINGS_H 1
| #define HAVE_INTTYPES_H 1
| #define HAVE_STDINT_H 1
| #define HAVE_UNISTD_H 1
| #define __EXTENSIONS__ 1
| #define _ALL_SOURCE 1
| #define _GNU_SOURCE 1
| #define _POSIX_PTHREAD_SEMANTICS 1
| #define _TANDEM_SOURCE 1
| #define HAVE_DIRENT_H 1
| #define HAVE_FCNTL_H 1
| #define HAVE_INTTYPES_H 1
| #define HAVE_PATHS_H 1
| #define HAVE_PTY_H 1
| #define HAVE_STDINT_H 1
| #define HAVE_SYS_DIR_H 1
| #define HAVE_LIBM 1
| #define HAVE_DIRFD 1
| #define HAVE_FLOCK 1
| #define HAVE_PRCTL 1
| #define HAVE_SYSCONF 1
| #define HAVE_ASPRINTF 1
| #define HAVE_CFMAKERAW 1
| #define HAVE_CLOCK_GETTIME 1
| #define HAVE_EXPLICIT_BZERO 1
| #define HAVE_FGETLN 1
| /* end confdefs.h.  */
| /* Define freezero to an innocuous variant, in case <limits.h> declares freezero.
|    For example, HP-UX 11i <limits.h> declares gettimeofday.  */
| #define freezero innocuous_freezero
| 
| /* System header to define __stub macros and hopefully few prototypes,
|     which can conflict with char freezero (); below.
|     Prefer <limits.h> to <assert.h> if __STDC__ is defined, since
|     <limits.h> exists even on freestanding compilers.  */
| 
| #ifdef __STDC__
| # include <limits.h>
| #else
| # include <assert.h>
| #endif
| 
| #undef freezero
| 
| /* Override any GCC internal prototype to avoid an error.
|    Use char because int might match the return type of a GCC
|    builtin and then its argument prototype would still apply.  */
| #ifdef __cplusplus
| extern "C"
| #endif
| char freezero ();
| /* The GNU C library defines this for functions which it implements
|     to always fail with ENOSYS.  Some functions are actually named
|     something starting with __ and the normal name is an alias.  */
| #if defined __stub_freezero || defined __stub___freezero
| choke me
| #endif
| 
| int
| main ()
| {
| return freezero ();
|   ;
|   return 0;
| }
configure:5332: result: no
configure:5345: checking for getdtablecount
configure:5345: /mnt/build/bin/musl-gcc -static -o conftest -I/mnt/build/include -I/mnt/build/include -static  -L/mnt/build/lib conftest.c -lm  >&5
/usr/bin/ld: /tmp/cc1yq4Ee.o: in function `main':
conftest.c:(.text+0xa): undefined reference to `getdtablecount'
collect2: error: ld returned 1 exit status
configure:5345: $? = 1
configure: failed program was:
| /* confdefs.h */
| #define PACKAGE_NAME "tmux"
| #define PACKAGE_TARNAME "tmux"
| #define PACKAGE_VERSION "3.6a"
| #define PACKAGE_STRING "tmux 3.6a"
| #define PACKAGE_BUGREPORT ""
| #define PACKAGE_URL ""
| #define PACKAGE "tmux"
| #define VERSION "3.6a"
| #define STDC_HEADERS 1
| #define HAVE_SYS_TYPES_H 1
| #define HAVE_SYS_STAT_H 1
| #define HAVE_STDLIB_H 1
| #define HAVE_STRING_H 1
| #define HAVE_MEMORY_H 1
| #define HAVE_STRINGS_H 1
| #define HAVE_INTTYPES_H 1
| #define HAVE_STDINT_H 1
| #define HAVE_UNISTD_H 1
| #define __EXTENSIONS__ 1
| #define _ALL_SOURCE 1
| #define _GNU_SOURCE 1
| #define _POSIX_PTHREAD_SEMANTICS 1
| #define _TANDEM_SOURCE 1
| #define HAVE_DIRENT_H 1
| #define HAVE_FCNTL_H 1
| #define HAVE_INTTYPES_H 1
| #define HAVE_PATHS_H 1
| #define HAVE_PTY_H 1
| #define HAVE_STDINT_H 1
| #define HAVE_SYS_DIR_H 1
| #define HAVE_LIBM 1
| #define HAVE_DIRFD 1
| #define HAVE_FLOCK 1
| #define HAVE_PRCTL 1
| #define HAVE_SYSCONF 1
| #define HAVE_ASPRINTF 1
| #define HAVE_CFMAKERAW 1
| #define HAVE_CLOCK_GETTIME 1
| #define HAVE_EXPLICIT_BZERO 1
| #define HAVE_FGETLN 1
| /* end confdefs.h.  */
| /* Define getdtablecount to an innocuous variant, in case <limits.h> declares getdtablecount.
|    For example, HP-UX 11i <limits.h> declares gettimeofday.  */
| #define getdtablecount innocuous_getdtablecount
| 
| /* System header to define __stub macros and hopefully few prototypes,
|     which can conflict with char getdtablecount (); below.
|     Prefer <limits.h> to <assert.h> if __STDC__ is defined, since
|     <limits.h> exists even on freestanding compilers.  */
| 
| #ifdef __STDC__
| # include <limits.h>
| #else
| # include <assert.h>
| #endif
| 
| #undef getdtablecount
| 
| /* Override any GCC internal prototype to avoid an error.
|    Use char because int might match the return type of a GCC
|    builtin and then its argument prototype would still apply.  */
| #ifdef __cplusplus
| extern "C"
| #endif
| char getdtablecount ();
| /* The GNU C library defines this for functions which it implements
|     to always fail with ENOSYS.  Some functions are actually named
|     something starting with __ and the normal name is an alias.  */
| #if defined __stub_getdtablecount || defined __stub___getdtablecount
| choke me
| #endif
| 
| int
| main ()
| {
| return getdtablecount ();
|   ;
|   return 0;
| }
configure:5345: result: no
configure:5358: checking for getdtablesize
configure:5358: /mnt/build/bin/musl-gcc -static -o conftest -I/mnt/build/include -I/mnt/build/include -static  -L/mnt/build/lib conftest.c -lm  >&5
configure:5358: $? = 0
configure:5358: result: yes
configure:5371: checking for getpeereid
configure:5371: /mnt/build/bin/musl-gcc -static -o conftest -I/mnt/build/include -I/mnt/build/include -static  -L/mnt/build/lib conftest.c -lm  >&5
/usr/bin/ld: /tmp/cctBJtgD.o: in function `main':
conftest.c:(.text+0xa): undefined reference to `getpeereid'
collect2: error: ld returned 1 exit status
configure:5371: $? = 1
configure: failed program was:
| /* confdefs.h */
| #define PACKAGE_NAME "tmux"
| #define PACKAGE_TARNAME "tmux"
| #define PACKAGE_VERSION "3.6a"
| #define PACKAGE_STRING "tmux 3.6a"
| #define PACKAGE_BUGREPORT ""
| #define PACKAGE_URL ""
| #define PACKAGE "tmux"
| #define VERSION "3.6a"
| #define STDC_HEADERS 1
| #define HAVE_SYS_TYPES_H 1
| #define HAVE_SYS_STAT_H 1
| #define HAVE_STDLIB_H 1
| #define HAVE_STRING_H 1
| #define HAVE_MEMORY_H 1
| #define HAVE_STRINGS_H 1
| #define HAVE_INTTYPES_H 1
| #define HAVE_STDINT_H 1
| #define HAVE_UNISTD_H 1
| #define __EXTENSIONS__ 1
| #define _ALL_SOURCE 1
| #define _GNU_SOURCE 1
| #define _POSIX_PTHREAD_SEMANTICS 1
| #define _TANDEM_SOURCE 1
| #define HAVE_DIRENT_H 1
| #define HAVE_FCNTL_H 1
| #define HAVE_INTTYPES_H 1
| #define HAVE_PATHS_H 1
| #define HAVE_PTY_H 1
| #define HAVE_STDINT_H 1
| #define HAVE_SYS_DIR_H 1
| #define HAVE_LIBM 1
| #define HAVE_DIRFD 1
| #define HAVE_FLOCK 1
| #define HAVE_PRCTL 1
| #define HAVE_SYSCONF 1
| #define HAVE_ASPRINTF 1
| #define HAVE_CFMAKERAW 1
| #define HAVE_CLOCK_GETTIME 1
| #define HAVE_EXPLICIT_BZERO 1
| #define HAVE_FGETLN 1
| #define HAVE_GETDTABLESIZE 1
| /* end confdefs.h.  */
| /* Define getpeereid to an innocuous variant, in case <limits.h> declares getpeereid.
|    For example, HP-UX 11i <limits.h> declares gettimeofday.  */
| #define getpeereid innocuous_getpeereid
| 
| /* System header to define __stub macros and hopefully few prototypes,
|     which can conflict with char getpeereid (); below.
|     Prefer <limits.h> to <assert.h> if __STDC__ is defined, since
|     <limits.h> exists even on freestanding compilers.  */
| 
| #ifdef __STDC__
| # include <limits.h>
| #else
| # include <assert.h>
| #endif
| 
| #undef getpeereid
| 
| /* Override any GCC internal prototype to avoid an error.
|    Use char because int might match the return type of a GCC
|    builtin and then its argument prototype would still apply.  */
| #ifdef __cplusplus
| extern "C"
| #endif
| char getpeereid ();
| /* The GNU C library defines this for functions which it implements
|     to always fail with ENOSYS.  Some functions are actually named
|     something starting with __ and the normal name is an alias.  */
| #if defined __stub_getpeereid || defined __stub___getpeereid
| choke me
| #endif
| 
| int
| main ()
| {
| return getpeereid ();
|   ;
|   return 0;
| }
configure:5371: result: no
configure:5384: checking for getline
configure:5384: /mnt/build/bin/musl-gcc -static -o conftest -I/mnt/build/include -I/mnt/build/include -static  -L/mnt/build/lib conftest.c -lm  >&5
configure:5384: $? = 0
configure:5384: result: yes
configure:5397: checking for getprogname
configure:5397: /mnt/build/bin/musl-gcc -static -o conftest -I/mnt/build/include -I/mnt/build/include -static  -L/mnt/build/lib conftest.c -lm  >&5
/usr/bin/ld: /tmp/cck3e2i0.o: in function `main':
conftest.c:(.text+0xa): undefined reference to `getprogname'
collect2: error: ld returned 1 exit status
configure:5397: $? = 1
configure: failed program was:
| /* confdefs.h */
| #define PACKAGE_NAME "tmux"
| #define PACKAGE_TARNAME "tmux"
| #define PACKAGE_VERSION "3.6a"
| #define PACKAGE_STRING "tmux 3.6a"
| #define PACKAGE_BUGREPORT ""
| #define PACKAGE_URL ""
| #define PACKAGE "tmux"
| #define VERSION "3.6a"
| #define STDC_HEADERS 1
| #define HAVE_SYS_TYPES_H 1
| #define HAVE_SYS_STAT_H 1
| #define HAVE_STDLIB_H 1
| #define HAVE_STRING_H 1
| #define HAVE_MEMORY_H 1
| #define HAVE_STRINGS_H 1
| #define HAVE_INTTYPES_H 1
| #define HAVE_STDINT_H 1
| #define HAVE_UNISTD_H 1
| #define __EXTENSIONS__ 1
| #define _ALL_SOURCE 1
| #define _GNU_SOURCE 1
| #define _POSIX_PTHREAD_SEMANTICS 1
| #define _TANDEM_SOURCE 1
| #define HAVE_DIRENT_H 1
| #define HAVE_FCNTL_H 1
| #define HAVE_INTTYPES_H 1
| #define HAVE_PATHS_H 1
| #define HAVE_PTY_H 1
| #define HAVE_STDINT_H 1
| #define HAVE_SYS_DIR_H 1
| #define HAVE_LIBM 1
| #define HAVE_DIRFD 1
| #define HAVE_FLOCK 1
| #define HAVE_PRCTL 1
| #define HAVE_SYSCONF 1
| #define HAVE_ASPRINTF 1
| #define HAVE_CFMAKERAW 1
| #define HAVE_CLOCK_GETTIME 1
| #define HAVE_EXPLICIT_BZERO 1
| #define HAVE_FGETLN 1
| #define HAVE_GETDTABLESIZE 1
| #define HAVE_GETLINE 1
| /* end confdefs.h.  */
| /* Define getprogname to an innocuous variant, in case <limits.h> declares getprogname.
|    For example, HP-UX 11i <limits.h> declares gettimeofday.  */
| #define getprogname innocuous_getprogname
| 
| /* System header to define __stub macros and hopefully few prototypes,
|     which can conflict with char getprogname (); below.
|     Prefer <limits.h> to <assert.h> if __STDC__ is defined, since
|     <limits.h> exists even on freestanding compilers.  */
| 
| #ifdef __STDC__
| # include <limits.h>
| #else
| # include <assert.h>
| #endif
| 
| #undef getprogname
| 
| /* Override any GCC internal prototype to avoid an error.
|    Use char because int might match the return type of a GCC
|    builtin and then its argument prototype would still apply.  */
| #ifdef __cplusplus
| extern "C"
| #endif
| char getprogname ();
| /* The GNU C library defines this for functions which it implements
|     to always fail with ENOSYS.  Some functions are actually named
|     something starting with __ and the normal name is an alias.  */
| #if defined __stub_getprogname || defined __stub___getprogname
| choke me
| #endif
| 
| int
| main ()
| {
| return getprogname ();
|   ;
|   return 0;
| }
configure:5397: result: no
configure:5410: checking for htonll
configure:5410: /mnt/build/bin/musl-gcc -static -o conftest -I/mnt/build/include -I/mnt/build/include -static  -L/mnt/build/lib conftest.c -lm  >&5
/usr/bin/ld: /tmp/ccbOQEd2.o: in function `main':
conftest.c:(.text+0xa): undefined reference to `htonll'
collect2: error: ld returned 1 exit status
configure:5410: $? = 1
configure: failed program was:
| /* confdefs.h */
| #define PACKAGE_NAME "tmux"
| #define PACKAGE_TARNAME "tmux"
| #define PACKAGE_VERSION "3.6a"
| #define PACKAGE_STRING "tmux 3.6a"
| #define PACKAGE_BUGREPORT ""
| #define PACKAGE_URL ""
| #define PACKAGE "tmux"
| #define VERSION "3.6a"
| #define STDC_HEADERS 1
| #define HAVE_SYS_TYPES_H 1
| #define HAVE_SYS_STAT_H 1
| #define HAVE_STDLIB_H 1
| #define HAVE_STRING_H 1
| #define HAVE_MEMORY_H 1
| #define HAVE_STRINGS_H 1
| #define HAVE_INTTYPES_H 1
| #define HAVE_STDINT_H 1
| #define HAVE_UNISTD_H 1
| #define __EXTENSIONS__ 1
| #define _ALL_SOURCE 1
| #define _GNU_SOURCE 1
| #define _POSIX_PTHREAD_SEMANTICS 1
| #define _TANDEM_SOURCE 1
| #define HAVE_DIRENT_H 1
| #define HAVE_FCNTL_H 1
| #define HAVE_INTTYPES_H 1
| #define HAVE_PATHS_H 1
| #define HAVE_PTY_H 1
| #define HAVE_STDINT_H 1
| #define HAVE_SYS_DIR_H 1
| #define HAVE_LIBM 1
| #define HAVE_DIRFD 1
| #define HAVE_FLOCK 1
| #define HAVE_PRCTL 1
| #define HAVE_SYSCONF 1
| #define HAVE_ASPRINTF 1
| #define HAVE_CFMAKERAW 1
| #define HAVE_CLOCK_GETTIME 1
| #define HAVE_EXPLICIT_BZERO 1
| #define HAVE_FGETLN 1
| #define HAVE_GETDTABLESIZE 1
| #define HAVE_GETLINE 1
| /* end confdefs.h.  */
| /* Define htonll to an innocuous variant, in case <limits.h> declares htonll.
|    For example, HP-UX 11i <limits.h> declares gettimeofday.  */
| #define htonll innocuous_htonll
| 
| /* System header to define __stub macros and hopefully few prototypes,
|     which can conflict with char htonll (); below.
|     Prefer <limits.h> to <assert.h> if __STDC__ is defined, since
|     <limits.h> exists even on freestanding compilers.  */
| 
| #ifdef __STDC__
| # include <limits.h>
| #else
| # include <assert.h>
| #endif
| 
| #undef htonll
| 
| /* Override any GCC internal prototype to avoid an error.
|    Use char because int might match the return type of a GCC
|    builtin and then its argument prototype would still apply.  */
| #ifdef __cplusplus
| extern "C"
| #endif
| char htonll ();
| /* The GNU C library defines this for functions which it implements
|     to always fail with ENOSYS.  Some functions are actually named
|     something starting with __ and the normal name is an alias.  */
| #if defined __stub_htonll || defined __stub___htonll
| choke me
| #endif
| 
| int
| main ()
| {
| return htonll ();
|   ;
|   return 0;
| }
configure:5410: result: no
configure:5423: checking for memmem
configure:5423: /mnt/build/bin/musl-gcc -static -o conftest -I/mnt/build/include -I/mnt/build/include -static  -L/mnt/build/lib conftest.c -lm  >&5
configure:5423: $? = 0
configure:5423: result: yes
configure:5436: checking for ntohll
configure:5436: /mnt/build/bin/musl-gcc -static -o conftest -I/mnt/build/include -I/mnt/build/include -static  -L/mnt/build/lib conftest.c -lm  >&5
/usr/bin/ld: /tmp/ccqvPSfr.o: in function `main':
conftest.c:(.text+0xa): undefined reference to `ntohll'
collect2: error: ld returned 1 exit status
configure:5436: $? = 1
configure: failed program was:
| /* confdefs.h */
| #define PACKAGE_NAME "tmux"
| #define PACKAGE_TARNAME "tmux"
| #define PACKAGE_VERSION "3.6a"
| #define PACKAGE_STRING "tmux 3.6a"
| #define PACKAGE_BUGREPORT ""
| #define PACKAGE_URL ""
| #define PACKAGE "tmux"
| #define VERSION "3.6a"
| #define STDC_HEADERS 1
| #define HAVE_SYS_TYPES_H 1
| #define HAVE_SYS_STAT_H 1
| #define HAVE_STDLIB_H 1
| #define HAVE_STRING_H 1
| #define HAVE_MEMORY_H 1
| #define HAVE_STRINGS_H 1
| #define HAVE_INTTYPES_H 1
| #define HAVE_STDINT_H 1
| #define HAVE_UNISTD_H 1
| #define __EXTENSIONS__ 1
| #define _ALL_SOURCE 1
| #define _GNU_SOURCE 1
| #define _POSIX_PTHREAD_SEMANTICS 1
| #define _TANDEM_SOURCE 1
| #define HAVE_DIRENT_H 1
| #define HAVE_FCNTL_H 1
| #define HAVE_INTTYPES_H 1
| #define HAVE_PATHS_H 1
| #define HAVE_PTY_H 1
| #define HAVE_STDINT_H 1
| #define HAVE_SYS_DIR_H 1
| #define HAVE_LIBM 1
| #define HAVE_DIRFD 1
| #define HAVE_FLOCK 1
| #define HAVE_PRCTL 1
| #define HAVE_SYSCONF 1
| #define HAVE_ASPRINTF 1
| #define HAVE_CFMAKERAW 1
| #define HAVE_CLOCK_GETTIME 1
| #define HAVE_EXPLICIT_BZERO 1
| #define HAVE_FGETLN 1
| #define HAVE_GETDTABLESIZE 1
| #define HAVE_GETLINE 1
| #define HAVE_MEMMEM 1
| /* end confdefs.h.  */
| /* Define ntohll to an innocuous variant, in case <limits.h> declares ntohll.
|    For example, HP-UX 11i <limits.h> declares gettimeofday.  */
| #define ntohll innocuous_ntohll
| 
| /* System header to define __stub macros and hopefully few prototypes,
|     which can conflict with char ntohll (); below.
|     Prefer <limits.h> to <assert.h> if __STDC__ is defined, since
|     <limits.h> exists even on freestanding compilers.  */
| 
| #ifdef __STDC__
| # include <limits.h>
| #else
| # include <assert.h>
| #endif
| 
| #undef ntohll
| 
| /* Override any GCC internal prototype to avoid an error.
|    Use char because int might match the return type of a GCC
|    builtin and then its argument prototype would still apply.  */
| #ifdef __cplusplus
| extern "C"
| #endif
| char ntohll ();
| /* The GNU C library defines this for functions which it implements
|     to always fail with ENOSYS.  Some functions are actually named
|     something starting with __ and the normal name is an alias.  */
| #if defined __stub_ntohll || defined __stub___ntohll
| choke me
| #endif
| 
| int
| main ()
| {
| return ntohll ();
|   ;
|   return 0;
| }
configure:5436: result: no
configure:5449: checking for setenv
configure:5449: /mnt/build/bin/musl-gcc -static -o conftest -I/mnt/build/include -I/mnt/build/include -static  -L/mnt/build/lib conftest.c -lm  >&5
configure:5449: $? = 0
configure:5449: result: yes
configure:5462: checking for setproctitle
configure:5462: /mnt/build/bin/musl-gcc -static -o conftest -I/mnt/build/include -I/mnt/build/include -static  -L/mnt/build/lib conftest.c -lm  >&5
/usr/bin/ld: /tmp/ccfZ6j1e.o: in function `main':
conftest.c:(.text+0xa): undefined reference to `setproctitle'
collect2: error: ld returned 1 exit status
configure:5462: $? = 1
configure: failed program was:
| /* confdefs.h */
| #define PACKAGE_NAME "tmux"
| #define PACKAGE_TARNAME "tmux"
| #define PACKAGE_VERSION "3.6a"
| #define PACKAGE_STRING "tmux 3.6a"
| #define PACKAGE_BUGREPORT ""
| #define PACKAGE_URL ""
| #define PACKAGE "tmux"
| #define VERSION "3.6a"
| #define STDC_HEADERS 1
| #define HAVE_SYS_TYPES_H 1
| #define HAVE_SYS_STAT_H 1
| #define HAVE_STDLIB_H 1
| #define HAVE_STRING_H 1
| #define HAVE_MEMORY_H 1
| #define HAVE_STRINGS_H 1
| #define HAVE_INTTYPES_H 1
| #define HAVE_STDINT_H 1
| #define HAVE_UNISTD_H 1
| #define __EXTENSIONS__ 1
| #define _ALL_SOURCE 1
| #define _GNU_SOURCE 1
| #define _POSIX_PTHREAD_SEMANTICS 1
| #define _TANDEM_SOURCE 1
| #define HAVE_DIRENT_H 1
| #define HAVE_FCNTL_H 1
| #define HAVE_INTTYPES_H 1
| #define HAVE_PATHS_H 1
| #define HAVE_PTY_H 1
| #define HAVE_STDINT_H 1
| #define HAVE_SYS_DIR_H 1
| #define HAVE_LIBM 1
| #define HAVE_DIRFD 1
| #define HAVE_FLOCK 1
| #define HAVE_PRCTL 1
| #define HAVE_SYSCONF 1
| #define HAVE_ASPRINTF 1
| #define HAVE_CFMAKERAW 1
| #define HAVE_CLOCK_GETTIME 1
| #define HAVE_EXPLICIT_BZERO 1
| #define HAVE_FGETLN 1
| #define HAVE_GETDTABLESIZE 1
| #define HAVE_GETLINE 1
| #define HAVE_MEMMEM 1
| #define HAVE_SETENV 1
| /* end confdefs.h.  */
| /* Define setproctitle to an innocuous variant, in case <limits.h> declares setproctitle.
|    For example, HP-UX 11i <limits.h> declares gettimeofday.  */
| #define setproctitle innocuous_setproctitle
| 
| /* System header to define __stub macros and hopefully few prototypes,
|     which can conflict with char setproctitle (); below.
|     Prefer <limits.h> to <assert.h> if __STDC__ is defined, since
|     <limits.h> exists even on freestanding compilers.  */
| 
| #ifdef __STDC__
| # include <limits.h>
| #else
| # include <assert.h>
| #endif
| 
| #undef setproctitle
| 
| /* Override any GCC internal prototype to avoid an error.
|    Use char because int might match the return type of a GCC
|    builtin and then its argument prototype would still apply.  */
| #ifdef __cplusplus
| extern "C"
| #endif
| char setproctitle ();
| /* The GNU C library defines this for functions which it implements
|     to always fail with ENOSYS.  Some functions are actually named
|     something starting with __ and the normal name is an alias.  */
| #if defined __stub_setproctitle || defined __stub___setproctitle
| choke me
| #endif
| 
| int
| main ()
| {
| return setproctitle ();
|   ;
|   return 0;
| }
configure:5462: result: no
configure:5475: checking for strcasestr
configure:5475: /mnt/build/bin/musl-gcc -static -o conftest -I/mnt/build/include -I/mnt/build/include -static  -L/mnt/build/lib conftest.c -lm  >&5
configure:5475: $? = 0
configure:5475: result: yes
configure:5488: checking for strlcat
configure:5488: /mnt/build/bin/musl-gcc -static -o conftest -I/mnt/build/include -I/mnt/build/include -static  -L/mnt/build/lib conftest.c -lm  >&5
configure:5488: $? = 0
configure:5488: result: yes
configure:5501: checking for strlcpy
configure:5501: /mnt/build/bin/musl-gcc -static -o conftest -I/mnt/build/include -I/mnt/build/include -static  -L/mnt/build/lib conftest.c -lm  >&5
configure:5501: $? = 0
configure:5501: result: yes
configure:5514: checking for strndup
configure:5514: /mnt/build/bin/musl-gcc -static -o conftest -I/mnt/build/include -I/mnt/build/include -static  -L/mnt/build/lib conftest.c -lm  >&5
conftest.c:73:6: warning: conflicting types for built-in function 'strndup'; expected 'char *(const char *, long unsigned int)' [-Wbuiltin-declaration-mismatch]
   73 | char strndup ();
      |      ^~~~~~~
configure:5514: $? = 0
configure:5514: result: yes
configure:5527: checking for strsep
configure:5527: /mnt/build/bin/musl-gcc -static -o conftest -I/mnt/build/include -I/mnt/build/include -static  -L/mnt/build/lib conftest.c -lm  >&5
configure:5527: $? = 0
configure:5527: result: yes
configure:5541: checking for working strnlen
configure:5579: /mnt/build/bin/musl-gcc -static -o conftest -I/mnt/build/include -I/mnt/build/include -static  -L/mnt/build/lib conftest.c -lm  >&5
configure:5579: $? = 0
configure:5579: ./conftest
configure:5579: $? = 0
configure:5589: result: yes
configure:5600: checking for working strtonum
configure:5624: /mnt/build/bin/musl-gcc -static -o conftest -I/mnt/build/include -I/mnt/build/include -static  -L/mnt/build/lib conftest.c -lm  >&5
conftest.c: In function 'main':
conftest.c:56:9: warning: implicit declaration of function 'strtonum'; did you mean 'strtoul'? [-Wimplicit-function-declaration]
   56 | return (strtonum("0", 0, 1, NULL) == 0 ? 0 : 1);
      |         ^~~~~~~~
      |         strtoul
/usr/bin/ld: /tmp/ccyrA9Zv.o: in function `main':
conftest.c:(.text+0x23): undefined reference to `strtonum'
collect2: error: ld returned 1 exit status
configure:5624: $? = 1
configure: program exited with status 1
configure: failed program was:
| /* confdefs.h */
| #define PACKAGE_NAME "tmux"
| #define PACKAGE_TARNAME "tmux"
| #define PACKAGE_VERSION "3.6a"
| #define PACKAGE_STRING "tmux 3.6a"
| #define PACKAGE_BUGREPORT ""
| #define PACKAGE_URL ""
| #define PACKAGE "tmux"
| #define VERSION "3.6a"
| #define STDC_HEADERS 1
| #define HAVE_SYS_TYPES_H 1
| #define HAVE_SYS_STAT_H 1
| #define HAVE_STDLIB_H 1
| #define HAVE_STRING_H 1
| #define HAVE_MEMORY_H 1
| #define HAVE_STRINGS_H 1
| #define HAVE_INTTYPES_H 1
| #define HAVE_STDINT_H 1
| #define HAVE_UNISTD_H 1
| #define __EXTENSIONS__ 1
| #define _ALL_SOURCE 1
| #define _GNU_SOURCE 1
| #define _POSIX_PTHREAD_SEMANTICS 1
| #define _TANDEM_SOURCE 1
| #define HAVE_DIRENT_H 1
| #define HAVE_FCNTL_H 1
| #define HAVE_INTTYPES_H 1
| #define HAVE_PATHS_H 1
| #define HAVE_PTY_H 1
| #define HAVE_STDINT_H 1
| #define HAVE_SYS_DIR_H 1
| #define HAVE_LIBM 1
| #define HAVE_DIRFD 1
| #define HAVE_FLOCK 1
| #define HAVE_PRCTL 1
| #define HAVE_SYSCONF 1
| #define HAVE_ASPRINTF 1
| #define HAVE_CFMAKERAW 1
| #define HAVE_CLOCK_GETTIME 1
| #define HAVE_EXPLICIT_BZERO 1
| #define HAVE_FGETLN 1
| #define HAVE_GETDTABLESIZE 1
| #define HAVE_GETLINE 1
| #define HAVE_MEMMEM 1
| #define HAVE_SETENV 1
| #define HAVE_STRCASESTR 1
| #define HAVE_STRLCAT 1
| #define HAVE_STRLCPY 1
| #define HAVE_STRNDUP 1
| #define HAVE_STRSEP 1
| /* end confdefs.h.  */
| #include <stdlib.h>
| int
| main ()
| {
| return (strtonum("0", 0, 1, NULL) == 0 ? 0 : 1);
| 
|   ;
|   return 0;
| }
configure:5634: result: no
configure:5645: checking for working reallocarray
configure:5669: /mnt/build/bin/musl-gcc -static -o conftest -I/mnt/build/include -I/mnt/build/include -static  -L/mnt/build/lib conftest.c -lm  >&5
configure:5669: $? = 0
configure:5669: ./conftest
configure:5669: $? = 0
configure:5670: result: yes
configure:5685: checking for working recallocarray
configure:5709: /mnt/build/bin/musl-gcc -static -o conftest -I/mnt/build/include -I/mnt/build/include -static  -L/mnt/build/lib conftest.c -lm  >&5
conftest.c: In function 'main':
conftest.c:56:9: warning: implicit declaration of function 'recallocarray'; did you mean 'reallocarray'? [-Wimplicit-function-declaration]
   56 | return (recallocarray(NULL, 1, 1, 1) == NULL);
      |         ^~~~~~~~~~~~~
      |         reallocarray
conftest.c:56:38: warning: comparison between pointer and integer
   56 | return (recallocarray(NULL, 1, 1, 1) == NULL);
      |                                      ^~
/usr/bin/ld: /tmp/cchImsAz.o: in function `main':
conftest.c:(.text+0x1e): undefined reference to `recallocarray'
collect2: error: ld returned 1 exit status
configure:5709: $? = 1
configure: program exited with status 1
configure: failed program was:
| /* confdefs.h */
| #define PACKAGE_NAME "tmux"
| #define PACKAGE_TARNAME "tmux"
| #define PACKAGE_VERSION "3.6a"
| #define PACKAGE_STRING "tmux 3.6a"
| #define PACKAGE_BUGREPORT ""
| #define PACKAGE_URL ""
| #define PACKAGE "tmux"
| #define VERSION "3.6a"
| #define STDC_HEADERS 1
| #define HAVE_SYS_TYPES_H 1
| #define HAVE_SYS_STAT_H 1
| #define HAVE_STDLIB_H 1
| #define HAVE_STRING_H 1
| #define HAVE_MEMORY_H 1
| #define HAVE_STRINGS_H 1
| #define HAVE_INTTYPES_H 1
| #define HAVE_STDINT_H 1
| #define HAVE_UNISTD_H 1
| #define __EXTENSIONS__ 1
| #define _ALL_SOURCE 1
| #define _GNU_SOURCE 1
| #define _POSIX_PTHREAD_SEMANTICS 1
| #define _TANDEM_SOURCE 1
| #define HAVE_DIRENT_H 1
| #define HAVE_FCNTL_H 1
| #define HAVE_INTTYPES_H 1
| #define HAVE_PATHS_H 1
| #define HAVE_PTY_H 1
| #define HAVE_STDINT_H 1
| #define HAVE_SYS_DIR_H 1
| #define HAVE_LIBM 1
| #define HAVE_DIRFD 1
| #define HAVE_FLOCK 1
| #define HAVE_PRCTL 1
| #define HAVE_SYSCONF 1
| #define HAVE_ASPRINTF 1
| #define HAVE_CFMAKERAW 1
| #define HAVE_CLOCK_GETTIME 1
| #define HAVE_EXPLICIT_BZERO 1
| #define HAVE_FGETLN 1
| #define HAVE_GETDTABLESIZE 1
| #define HAVE_GETLINE 1
| #define HAVE_MEMMEM 1
| #define HAVE_SETENV 1
| #define HAVE_STRCASESTR 1
| #define HAVE_STRLCAT 1
| #define HAVE_STRLCPY 1
| #define HAVE_STRNDUP 1
| #define HAVE_STRSEP 1
| /* end confdefs.h.  */
| #include <stdlib.h>
| int
| main ()
| {
| return (recallocarray(NULL, 1, 1, 1) == NULL);
| 
|   ;
|   return 0;
| }
configure:5718: result: no
configure:5727: checking for library containing clock_gettime
configure:5758: /mnt/build/bin/musl-gcc -static -o conftest -I/mnt/build/include -I/mnt/build/include -static  -L/mnt/build/lib conftest.c -lm  >&5
configure:5758: $? = 0
configure:5775: result: none required
configure:5799: checking for libevent_core >= 2
configure:5806: $PKG_CONFIG --exists --print-errors "libevent_core >= 2"
Package libevent_core was not found in the pkg-config search path.
Perhaps you should add the directory containing `libevent_core.pc'
to the PKG_CONFIG_PATH environment variable
Package 'libevent_core', required by 'virtual:world', not found
configure:5809: $? = 1
configure:5823: $PKG_CONFIG --exists --print-errors "libevent_core >= 2"
Package libevent_core was not found in the pkg-config search path.
Perhaps you should add the directory containing `libevent_core.pc'
to the PKG_CONFIG_PATH environment variable
Package 'libevent_core', required by 'virtual:world', not found
configure:5826: $? = 1
configure:5840: result: no
Package 'libevent_core', required by 'virtual:world', not found
configure:5878: checking for libevent >= 2
configure:5885: $PKG_CONFIG --exists --print-errors "libevent >= 2"
Package libevent was not found in the pkg-config search path.
Perhaps you should add the directory containing `libevent.pc'
to the PKG_CONFIG_PATH environment variable
Package 'libevent', required by 'virtual:world', not found
configure:5888: $? = 1
configure:5919: result: no
Package 'libevent', required by 'virtual:world', not found
configure:5956: checking for library containing event_init
configure:5987: /mnt/build/bin/musl-gcc -static -o conftest -I/mnt/build/include -I/mnt/build/include -static  -L/mnt/build/lib conftest.c -lm  >&5
/usr/bin/ld: /tmp/ccBkP2jM.o: in function `main':
conftest.c:(.text+0xa): undefined reference to `event_init'
collect2: error: ld returned 1 exit status
configure:5987: $? = 1
configure: failed program was:
| /* confdefs.h */
| #define PACKAGE_NAME "tmux"
| #define PACKAGE_TARNAME "tmux"
| #define PACKAGE_VERSION "3.6a"
| #define PACKAGE_STRING "tmux 3.6a"
| #define PACKAGE_BUGREPORT ""
| #define PACKAGE_URL ""
| #define PACKAGE "tmux"
| #define VERSION "3.6a"
| #define STDC_HEADERS 1
| #define HAVE_SYS_TYPES_H 1
| #define HAVE_SYS_STAT_H 1
| #define HAVE_STDLIB_H 1
| #define HAVE_STRING_H 1
| #define HAVE_MEMORY_H 1
| #define HAVE_STRINGS_H 1
| #define HAVE_INTTYPES_H 1
| #define HAVE_STDINT_H 1
| #define HAVE_UNISTD_H 1
| #define __EXTENSIONS__ 1
| #define _ALL_SOURCE 1
| #define _GNU_SOURCE 1
| #define _POSIX_PTHREAD_SEMANTICS 1
| #define _TANDEM_SOURCE 1
| #define HAVE_DIRENT_H 1
| #define HAVE_FCNTL_H 1
| #define HAVE_INTTYPES_H 1
| #define HAVE_PATHS_H 1
| #define HAVE_PTY_H 1
| #define HAVE_STDINT_H 1
| #define HAVE_SYS_DIR_H 1
| #define HAVE_LIBM 1
| #define HAVE_DIRFD 1
| #define HAVE_FLOCK 1
| #define HAVE_PRCTL 1
| #define HAVE_SYSCONF 1
| #define HAVE_ASPRINTF 1
| #define HAVE_CFMAKERAW 1
| #define HAVE_CLOCK_GETTIME 1
| #define HAVE_EXPLICIT_BZERO 1
| #define HAVE_FGETLN 1
| #define HAVE_GETDTABLESIZE 1
| #define HAVE_GETLINE 1
| #define HAVE_MEMMEM 1
| #define HAVE_SETENV 1
| #define HAVE_STRCASESTR 1
| #define HAVE_STRLCAT 1
| #define HAVE_STRLCPY 1
| #define HAVE_STRNDUP 1
| #define HAVE_STRSEP 1
| /* end confdefs.h.  */
| 
| /* Override any GCC internal prototype to avoid an error.
|    Use char because int might match the return type of a GCC
|    builtin and then its argument prototype would still apply.  */
| #ifdef __cplusplus
| extern "C"
| #endif
| char event_init ();
| int
| main ()
| {
| return event_init ();
|   ;
|   return 0;
| }
configure:5987: /mnt/build/bin/musl-gcc -static -o conftest -I/mnt/build/include -I/mnt/build/include -static  -L/mnt/build/lib conftest.c -levent_core  -lm  >&5
configure:5987: $? = 0
configure:6004: result: -levent_core
configure:6016: checking event2/event.h usability
configure:6016: /mnt/build/bin/musl-gcc -static -c -I/mnt/build/include -I/mnt/build/include conftest.c >&5
configure:6016: $? = 0
configure:6016: result: yes
configure:6016: checking event2/event.h presence
configure:6016: /mnt/build/bin/musl-gcc -static -E -I/mnt/build/include conftest.c
configure:6016: $? = 0
configure:6016: result: yes
configure:6016: checking for event2/event.h
configure:6016: result: yes
configure:6044: checking for bison
configure:6060: found /usr/bin/bison
configure:6072: result: yes
configure:6088: checking for tinfo
configure:6155: result: yes
configure:6468: checking for tiparm
configure:6468: /mnt/build/bin/musl-gcc -static -o conftest -I/mnt/build/include -I/mnt/build/include/ncurses -I/mnt/build/include -DHAVE_NCURSES_H -static  -L/mnt/build/lib conftest.c -L/mnt/build/lib -ltinfo -levent_core -lm  >&5
configure:6468: $? = 0
configure:6468: result: yes
configure:6468: checking for tiparm_s
configure:6468: /mnt/build/bin/musl-gcc -static -o conftest -I/mnt/build/include -I/mnt/build/include/ncurses -I/mnt/build/include -DHAVE_NCURSES_H -static  -L/mnt/build/lib conftest.c -L/mnt/build/lib -ltinfo -levent_core -lm  >&5
configure:6468: $? = 0
configure:6468: result: yes
configure:6888: checking for b64_ntop
configure:6907: /mnt/build/bin/musl-gcc -static -o conftest -I/mnt/build/include -I/mnt/build/include/ncurses -I/mnt/build/include -DHAVE_NCURSES_H -static  -L/mnt/build/lib conftest.c -L/mnt/build/lib -ltinfo -levent_core -lm  >&5
conftest.c: In function 'main':
conftest.c:65:17: warning: implicit declaration of function 'b64_ntop' [-Wimplicit-function-declaration]
   65 |                 b64_ntop(NULL, 0, NULL, 0);
      |                 ^~~~~~~~
/usr/bin/ld: /tmp/ccOB2Kva.o: in function `main':
conftest.c:(.text+0x1e): undefined reference to `b64_ntop'
collect2: error: ld returned 1 exit status
configure:6907: $? = 1
configure: failed program was:
| /* confdefs.h */
| #define PACKAGE_NAME "tmux"
| #define PACKAGE_TARNAME "tmux"
| #define PACKAGE_VERSION "3.6a"
| #define PACKAGE_STRING "tmux 3.6a"
| #define PACKAGE_BUGREPORT ""
| #define PACKAGE_URL ""
| #define PACKAGE "tmux"
| #define VERSION "3.6a"
| #define STDC_HEADERS 1
| #define HAVE_SYS_TYPES_H 1
| #define HAVE_SYS_STAT_H 1
| #define HAVE_STDLIB_H 1
| #define HAVE_STRING_H 1
| #define HAVE_MEMORY_H 1
| #define HAVE_STRINGS_H 1
| #define HAVE_INTTYPES_H 1
| #define HAVE_STDINT_H 1
| #define HAVE_UNISTD_H 1
| #define __EXTENSIONS__ 1
| #define _ALL_SOURCE 1
| #define _GNU_SOURCE 1
| #define _POSIX_PTHREAD_SEMANTICS 1
| #define _TANDEM_SOURCE 1
| #define HAVE_DIRENT_H 1
| #define HAVE_FCNTL_H 1
| #define HAVE_INTTYPES_H 1
| #define HAVE_PATHS_H 1
| #define HAVE_PTY_H 1
| #define HAVE_STDINT_H 1
| #define HAVE_SYS_DIR_H 1
| #define HAVE_LIBM 1
| #define HAVE_DIRFD 1
| #define HAVE_FLOCK 1
| #define HAVE_PRCTL 1
| #define HAVE_SYSCONF 1
| #define HAVE_ASPRINTF 1
| #define HAVE_CFMAKERAW 1
| #define HAVE_CLOCK_GETTIME 1
| #define HAVE_EXPLICIT_BZERO 1
| #define HAVE_FGETLN 1
| #define HAVE_GETDTABLESIZE 1
| #define HAVE_GETLINE 1
| #define HAVE_MEMMEM 1
| #define HAVE_SETENV 1
| #define HAVE_STRCASESTR 1
| #define HAVE_STRLCAT 1
| #define HAVE_STRLCPY 1
| #define HAVE_STRNDUP 1
| #define HAVE_STRSEP 1
| #define HAVE_EVENT2_EVENT_H 1
| #define HAVE_NCURSES_H 1
| #define HAVE_TIPARM 1
| #define HAVE_TIPARM_S 1
| /* end confdefs.h.  */
| 
| 		#include <sys/types.h>
| 		#include <netinet/in.h>
| 		#include <resolv.h>
| 
| int
| main ()
| {
| 
| 		b64_ntop(NULL, 0, NULL, 0);
| 
|   ;
|   return 0;
| }
configure:6915: result: no
configure:6919: checking for b64_ntop with -lresolv
configure:6939: /mnt/build/bin/musl-gcc -static -o conftest -I/mnt/build/include -I/mnt/build/include/ncurses -I/mnt/build/include -DHAVE_NCURSES_H -static  -L/mnt/build/lib conftest.c -L/mnt/build/lib -ltinfo -levent_core -lm  -lresolv >&5
conftest.c: In function 'main':
conftest.c:65:25: warning: implicit declaration of function 'b64_ntop' [-Wimplicit-function-declaration]
   65 |                         b64_ntop(NULL, 0, NULL, 0);
      |                         ^~~~~~~~
/usr/bin/ld: /tmp/ccZOQ631.o: in function `main':
conftest.c:(.text+0x1e): undefined reference to `b64_ntop'
collect2: error: ld returned 1 exit status
configure:6939: $? = 1
configure: failed program was:
| /* confdefs.h */
| #define PACKAGE_NAME "tmux"
| #define PACKAGE_TARNAME "tmux"
| #define PACKAGE_VERSION "3.6a"
| #define PACKAGE_STRING "tmux 3.6a"
| #define PACKAGE_BUGREPORT ""
| #define PACKAGE_URL ""
| #define PACKAGE "tmux"
| #define VERSION "3.6a"
| #define STDC_HEADERS 1
| #define HAVE_SYS_TYPES_H 1
| #define HAVE_SYS_STAT_H 1
| #define HAVE_STDLIB_H 1
| #define HAVE_STRING_H 1
| #define HAVE_MEMORY_H 1
| #define HAVE_STRINGS_H 1
| #define HAVE_INTTYPES_H 1
| #define HAVE_STDINT_H 1
| #define HAVE_UNISTD_H 1
| #define __EXTENSIONS__ 1
| #define _ALL_SOURCE 1
| #define _GNU_SOURCE 1
| #define _POSIX_PTHREAD_SEMANTICS 1
| #define _TANDEM_SOURCE 1
| #define HAVE_DIRENT_H 1
| #define HAVE_FCNTL_H 1
| #define HAVE_INTTYPES_H 1
| #define HAVE_PATHS_H 1
| #define HAVE_PTY_H 1
| #define HAVE_STDINT_H 1
| #define HAVE_SYS_DIR_H 1
| #define HAVE_LIBM 1
| #define HAVE_DIRFD 1
| #define HAVE_FLOCK 1
| #define HAVE_PRCTL 1
| #define HAVE_SYSCONF 1
| #define HAVE_ASPRINTF 1
| #define HAVE_CFMAKERAW 1
| #define HAVE_CLOCK_GETTIME 1
| #define HAVE_EXPLICIT_BZERO 1
| #define HAVE_FGETLN 1
| #define HAVE_GETDTABLESIZE 1
| #define HAVE_GETLINE 1
| #define HAVE_MEMMEM 1
| #define HAVE_SETENV 1
| #define HAVE_STRCASESTR 1
| #define HAVE_STRLCAT 1
| #define HAVE_STRLCPY 1
| #define HAVE_STRNDUP 1
| #define HAVE_STRSEP 1
| #define HAVE_EVENT2_EVENT_H 1
| #define HAVE_NCURSES_H 1
| #define HAVE_TIPARM 1
| #define HAVE_TIPARM_S 1
| /* end confdefs.h.  */
| 
| 			#include <sys/types.h>
| 			#include <netinet/in.h>
| 			#include <resolv.h>
| 
| int
| main ()
| {
| 
| 			b64_ntop(NULL, 0, NULL, 0);
| 
|   ;
|   return 0;
| }
configure:6947: result: no
configure:6951: checking for b64_ntop with -lnetwork
configure:6971: /mnt/build/bin/musl-gcc -static -o conftest -I/mnt/build/include -I/mnt/build/include/ncurses -I/mnt/build/include -DHAVE_NCURSES_H -static  -L/mnt/build/lib conftest.c -L/mnt/build/lib -ltinfo -levent_core -lm  -lnetwork >&5
conftest.c: In function 'main':
conftest.c:65:25: warning: implicit declaration of function 'b64_ntop' [-Wimplicit-function-declaration]
   65 |                         b64_ntop(NULL, 0, NULL, 0);
      |                         ^~~~~~~~
/usr/bin/ld: cannot find -lnetwork: No such file or directory
collect2: error: ld returned 1 exit status
configure:6971: $? = 1
configure: failed program was:
| /* confdefs.h */
| #define PACKAGE_NAME "tmux"
| #define PACKAGE_TARNAME "tmux"
| #define PACKAGE_VERSION "3.6a"
| #define PACKAGE_STRING "tmux 3.6a"
| #define PACKAGE_BUGREPORT ""
| #define PACKAGE_URL ""
| #define PACKAGE "tmux"
| #define VERSION "3.6a"
| #define STDC_HEADERS 1
| #define HAVE_SYS_TYPES_H 1
| #define HAVE_SYS_STAT_H 1
| #define HAVE_STDLIB_H 1
| #define HAVE_STRING_H 1
| #define HAVE_MEMORY_H 1
| #define HAVE_STRINGS_H 1
| #define HAVE_INTTYPES_H 1
| #define HAVE_STDINT_H 1
| #define HAVE_UNISTD_H 1
| #define __EXTENSIONS__ 1
| #define _ALL_SOURCE 1
| #define _GNU_SOURCE 1
| #define _POSIX_PTHREAD_SEMANTICS 1
| #define _TANDEM_SOURCE 1
| #define HAVE_DIRENT_H 1
| #define HAVE_FCNTL_H 1
| #define HAVE_INTTYPES_H 1
| #define HAVE_PATHS_H 1
| #define HAVE_PTY_H 1
| #define HAVE_STDINT_H 1
| #define HAVE_SYS_DIR_H 1
| #define HAVE_LIBM 1
| #define HAVE_DIRFD 1
| #define HAVE_FLOCK 1
| #define HAVE_PRCTL 1
| #define HAVE_SYSCONF 1
| #define HAVE_ASPRINTF 1
| #define HAVE_CFMAKERAW 1
| #define HAVE_CLOCK_GETTIME 1
| #define HAVE_EXPLICIT_BZERO 1
| #define HAVE_FGETLN 1
| #define HAVE_GETDTABLESIZE 1
| #define HAVE_GETLINE 1
| #define HAVE_MEMMEM 1
| #define HAVE_SETENV 1
| #define HAVE_STRCASESTR 1
| #define HAVE_STRLCAT 1
| #define HAVE_STRLCPY 1
| #define HAVE_STRNDUP 1
| #define HAVE_STRSEP 1
| #define HAVE_EVENT2_EVENT_H 1
| #define HAVE_NCURSES_H 1
| #define HAVE_TIPARM 1
| #define HAVE_TIPARM_S 1
| /* end confdefs.h.  */
| 
| 			#include <sys/types.h>
| 			#include <netinet/in.h>
| 			#include <resolv.h>
| 
| int
| main ()
| {
| 
| 			b64_ntop(NULL, 0, NULL, 0);
| 
|   ;
|   return 0;
| }
configure:6979: result: no
configure:6996: checking for library containing inet_ntoa
configure:7027: /mnt/build/bin/musl-gcc -static -o conftest -I/mnt/build/include -I/mnt/build/include/ncurses -I/mnt/build/include -DHAVE_NCURSES_H -static  -L/mnt/build/lib conftest.c -L/mnt/build/lib -ltinfo -levent_core -lm  >&5
configure:7027: $? = 0
configure:7044: result: none required
configure:7052: checking for library containing socket
configure:7083: /mnt/build/bin/musl-gcc -static -o conftest -I/mnt/build/include -I/mnt/build/include/ncurses -I/mnt/build/include -DHAVE_NCURSES_H -static  -L/mnt/build/lib conftest.c -L/mnt/build/lib -ltinfo -levent_core -lm  >&5
configure:7083: $? = 0
configure:7100: result: none required
configure:7108: checking for socket in -lxnet
configure:7133: /mnt/build/bin/musl-gcc -static -o conftest -I/mnt/build/include -I/mnt/build/include/ncurses -I/mnt/build/include -DHAVE_NCURSES_H -static  -L/mnt/build/lib conftest.c -lxnet  -L/mnt/build/lib -ltinfo -levent_core -lm  >&5
configure:7133: $? = 0
configure:7142: result: yes
configure:7157: checking if free doesn't work very well
configure:7174: /mnt/build/bin/musl-gcc -static -o conftest -I/mnt/build/include -I/mnt/build/include/ncurses -I/mnt/build/include -DHAVE_NCURSES_H -static  -L/mnt/build/lib conftest.c -lxnet -L/mnt/build/lib -ltinfo -levent_core -lm  >&5
conftest.c:66:17: error: expected '=', ',', ';', 'asm' or '__attribute__' at end of input
   66 |                 no
      |                 ^~
configure:7174: $? = 1
configure: failed program was:
| /* confdefs.h */
| #define PACKAGE_NAME "tmux"
| #define PACKAGE_TARNAME "tmux"
| #define PACKAGE_VERSION "3.6a"
| #define PACKAGE_STRING "tmux 3.6a"
| #define PACKAGE_BUGREPORT ""
| #define PACKAGE_URL ""
| #define PACKAGE "tmux"
| #define VERSION "3.6a"
| #define STDC_HEADERS 1
| #define HAVE_SYS_TYPES_H 1
| #define HAVE_SYS_STAT_H 1
| #define HAVE_STDLIB_H 1
| #define HAVE_STRING_H 1
| #define HAVE_MEMORY_H 1
| #define HAVE_STRINGS_H 1
| #define HAVE_INTTYPES_H 1
| #define HAVE_STDINT_H 1
| #define HAVE_UNISTD_H 1
| #define __EXTENSIONS__ 1
| #define _ALL_SOURCE 1
| #define _GNU_SOURCE 1
| #define _POSIX_PTHREAD_SEMANTICS 1
| #define _TANDEM_SOURCE 1
| #define HAVE_DIRENT_H 1
| #define HAVE_FCNTL_H 1
| #define HAVE_INTTYPES_H 1
| #define HAVE_PATHS_H 1
| #define HAVE_PTY_H 1
| #define HAVE_STDINT_H 1
| #define HAVE_SYS_DIR_H 1
| #define HAVE_LIBM 1
| #define HAVE_DIRFD 1
| #define HAVE_FLOCK 1
| #define HAVE_PRCTL 1
| #define HAVE_SYSCONF 1
| #define HAVE_ASPRINTF 1
| #define HAVE_CFMAKERAW 1
| #define HAVE_CLOCK_GETTIME 1
| #define HAVE_EXPLICIT_BZERO 1
| #define HAVE_FGETLN 1
| #define HAVE_GETDTABLESIZE 1
| #define HAVE_GETLINE 1
| #define HAVE_MEMMEM 1
| #define HAVE_SETENV 1
| #define HAVE_STRCASESTR 1
| #define HAVE_STRLCAT 1
| #define HAVE_STRLCPY 1
| #define HAVE_STRNDUP 1
| #define HAVE_STRSEP 1
| #define HAVE_EVENT2_EVENT_H 1
| #define HAVE_NCURSES_H 1
| #define HAVE_TIPARM 1
| #define HAVE_TIPARM_S 1
| #define HAVE_LIBXNET 1
| /* end confdefs.h.  */
| 
| 		#include <stdlib.h>
| 		#ifdef __GLIBC__
| 		#include <malloc.h>
| 		int main(void) {
| 			malloc_trim (0);
| 			exit(0);
| 		}
| 		#else
| 		no
| 		#endif
| 
configure:7182: result: no
configure:7279: checking for CMSG_DATA
configure:7299: result: yes
configure:7363: checking for err
configure:7363: /mnt/build/bin/musl-gcc -static -o conftest -I/mnt/build/include -I/mnt/build/include/ncurses -I/mnt/build/include -DHAVE_NCURSES_H -static  -L/mnt/build/lib conftest.c -lxnet -L/mnt/build/lib -ltinfo -levent_core -lm  >&5
configure:7363: $? = 0
configure:7363: result: yes
configure:7370: checking for errx
configure:7370: /mnt/build/bin/musl-gcc -static -o conftest -I/mnt/build/include -I/mnt/build/include/ncurses -I/mnt/build/include -DHAVE_NCURSES_H -static  -L/mnt/build/lib conftest.c -lxnet -L/mnt/build/lib -ltinfo -levent_core -lm  >&5
configure:7370: $? = 0
configure:7370: result: yes
configure:7377: checking for warn
configure:7377: /mnt/build/bin/musl-gcc -static -o conftest -I/mnt/build/include -I/mnt/build/include/ncurses -I/mnt/build/include -DHAVE_NCURSES_H -static  -L/mnt/build/lib conftest.c -lxnet -L/mnt/build/lib -ltinfo -levent_core -lm  >&5
configure:7377: $? = 0
configure:7377: result: yes
configure:7384: checking for warnx
configure:7384: /mnt/build/bin/musl-gcc -static -o conftest -I/mnt/build/include -I/mnt/build/include/ncurses -I/mnt/build/include -DHAVE_NCURSES_H -static  -L/mnt/build/lib conftest.c -lxnet -L/mnt/build/lib -ltinfo -levent_core -lm  >&5
configure:7384: $? = 0
configure:7384: result: yes
configure:7392: checking err.h usability
configure:7392: /mnt/build/bin/musl-gcc -static -c -I/mnt/build/include -I/mnt/build/include/ncurses -I/mnt/build/include -DHAVE_NCURSES_H conftest.c >&5
configure:7392: $? = 0
configure:7392: result: yes
configure:7392: checking err.h presence
configure:7392: /mnt/build/bin/musl-gcc -static -E -I/mnt/build/include/ncurses -I/mnt/build/include -DHAVE_NCURSES_H conftest.c
configure:7392: $? = 0
configure:7392: result: yes
configure:7392: checking for err.h
configure:7392: result: yes
configure:7410: checking for library containing imsg_add
configure:7441: /mnt/build/bin/musl-gcc -static -o conftest -I/mnt/build/include -I/mnt/build/include/ncurses -I/mnt/build/include -DHAVE_NCURSES_H -static  -L/mnt/build/lib conftest.c -lxnet -L/mnt/build/lib -ltinfo -levent_core -lm  >&5
/usr/bin/ld: /tmp/cc0VxV3E.o: in function `main':
conftest.c:(.text+0xa): undefined reference to `imsg_add'
collect2: error: ld returned 1 exit status
configure:7441: $? = 1
configure: failed program was:
| /* confdefs.h */
| #define PACKAGE_NAME "tmux"
| #define PACKAGE_TARNAME "tmux"
| #define PACKAGE_VERSION "3.6a"
| #define PACKAGE_STRING "tmux 3.6a"
| #define PACKAGE_BUGREPORT ""
| #define PACKAGE_URL ""
| #define PACKAGE "tmux"
| #define VERSION "3.6a"
| #define STDC_HEADERS 1
| #define HAVE_SYS_TYPES_H 1
| #define HAVE_SYS_STAT_H 1
| #define HAVE_STDLIB_H 1
| #define HAVE_STRING_H 1
| #define HAVE_MEMORY_H 1
| #define HAVE_STRINGS_H 1
| #define HAVE_INTTYPES_H 1
| #define HAVE_STDINT_H 1
| #define HAVE_UNISTD_H 1
| #define __EXTENSIONS__ 1
| #define _ALL_SOURCE 1
| #define _GNU_SOURCE 1
| #define _POSIX_PTHREAD_SEMANTICS 1
| #define _TANDEM_SOURCE 1
| #define HAVE_DIRENT_H 1
| #define HAVE_FCNTL_H 1
| #define HAVE_INTTYPES_H 1
| #define HAVE_PATHS_H 1
| #define HAVE_PTY_H 1
| #define HAVE_STDINT_H 1
| #define HAVE_SYS_DIR_H 1
| #define HAVE_LIBM 1
| #define HAVE_DIRFD 1
| #define HAVE_FLOCK 1
| #define HAVE_PRCTL 1
| #define HAVE_SYSCONF 1
| #define HAVE_ASPRINTF 1
| #define HAVE_CFMAKERAW 1
| #define HAVE_CLOCK_GETTIME 1
| #define HAVE_EXPLICIT_BZERO 1
| #define HAVE_FGETLN 1
| #define HAVE_GETDTABLESIZE 1
| #define HAVE_GETLINE 1
| #define HAVE_MEMMEM 1
| #define HAVE_SETENV 1
| #define HAVE_STRCASESTR 1
| #define HAVE_STRLCAT 1
| #define HAVE_STRLCPY 1
| #define HAVE_STRNDUP 1
| #define HAVE_STRSEP 1
| #define HAVE_EVENT2_EVENT_H 1
| #define HAVE_NCURSES_H 1
| #define HAVE_TIPARM 1
| #define HAVE_TIPARM_S 1
| #define HAVE_LIBXNET 1
| /* end confdefs.h.  */
| 
| /* Override any GCC internal prototype to avoid an error.
|    Use char because int might match the return type of a GCC
|    builtin and then its argument prototype would still apply.  */
| #ifdef __cplusplus
| extern "C"
| #endif
| char imsg_add ();
| int
| main ()
| {
| return imsg_add ();
|   ;
|   return 0;
| }
configure:7441: /mnt/build/bin/musl-gcc -static -o conftest -I/mnt/build/include -I/mnt/build/include/ncurses -I/mnt/build/include -DHAVE_NCURSES_H -static  -L/mnt/build/lib conftest.c -lutil  -lxnet -L/mnt/build/lib -ltinfo -levent_core -lm  >&5
/usr/bin/ld: /tmp/cc5lxXLe.o: in function `main':
conftest.c:(.text+0xa): undefined reference to `imsg_add'
collect2: error: ld returned 1 exit status
configure:7441: $? = 1
configure: failed program was:
| /* confdefs.h */
| #define PACKAGE_NAME "tmux"
| #define PACKAGE_TARNAME "tmux"
| #define PACKAGE_VERSION "3.6a"
| #define PACKAGE_STRING "tmux 3.6a"
| #define PACKAGE_BUGREPORT ""
| #define PACKAGE_URL ""
| #define PACKAGE "tmux"
| #define VERSION "3.6a"
| #define STDC_HEADERS 1
| #define HAVE_SYS_TYPES_H 1
| #define HAVE_SYS_STAT_H 1
| #define HAVE_STDLIB_H 1
| #define HAVE_STRING_H 1
| #define HAVE_MEMORY_H 1
| #define HAVE_STRINGS_H 1
| #define HAVE_INTTYPES_H 1
| #define HAVE_STDINT_H 1
| #define HAVE_UNISTD_H 1
| #define __EXTENSIONS__ 1
| #define _ALL_SOURCE 1
| #define _GNU_SOURCE 1
| #define _POSIX_PTHREAD_SEMANTICS 1
| #define _TANDEM_SOURCE 1
| #define HAVE_DIRENT_H 1
| #define HAVE_FCNTL_H 1
| #define HAVE_INTTYPES_H 1
| #define HAVE_PATHS_H 1
| #define HAVE_PTY_H 1
| #define HAVE_STDINT_H 1
| #define HAVE_SYS_DIR_H 1
| #define HAVE_LIBM 1
| #define HAVE_DIRFD 1
| #define HAVE_FLOCK 1
| #define HAVE_PRCTL 1
| #define HAVE_SYSCONF 1
| #define HAVE_ASPRINTF 1
| #define HAVE_CFMAKERAW 1
| #define HAVE_CLOCK_GETTIME 1
| #define HAVE_EXPLICIT_BZERO 1
| #define HAVE_FGETLN 1
| #define HAVE_GETDTABLESIZE 1
| #define HAVE_GETLINE 1
| #define HAVE_MEMMEM 1
| #define HAVE_SETENV 1
| #define HAVE_STRCASESTR 1
| #define HAVE_STRLCAT 1
| #define HAVE_STRLCPY 1
| #define HAVE_STRNDUP 1
| #define HAVE_STRSEP 1
| #define HAVE_EVENT2_EVENT_H 1
| #define HAVE_NCURSES_H 1
| #define HAVE_TIPARM 1
| #define HAVE_TIPARM_S 1
| #define HAVE_LIBXNET 1
| /* end confdefs.h.  */
| 
| /* Override any GCC internal prototype to avoid an error.
|    Use char because int might match the return type of a GCC
|    builtin and then its argument prototype would still apply.  */
| #ifdef __cplusplus
| extern "C"
| #endif
| char imsg_add ();
| int
| main ()
| {
| return imsg_add ();
|   ;
|   return 0;
| }
configure:7458: result: no
configure:7489: checking for daemon
configure:7489: /mnt/build/bin/musl-gcc -static -o conftest -I/mnt/build/include -I/mnt/build/include/ncurses -I/mnt/build/include -DHAVE_NCURSES_H -static  -L/mnt/build/lib conftest.c -lxnet -L/mnt/build/lib -ltinfo -levent_core -lm  >&5
configure:7489: $? = 0
configure:7489: result: yes
configure:7496: checking whether daemon is declared
configure:7496: /mnt/build/bin/musl-gcc -static -c -I/mnt/build/include -I/mnt/build/include/ncurses -I/mnt/build/include -DHAVE_NCURSES_H conftest.c >&5
configure:7496: $? = 0
configure:7496: result: yes
configure:7521: checking for stravis
configure:7521: /mnt/build/bin/musl-gcc -static -o conftest -I/mnt/build/include -I/mnt/build/include/ncurses -I/mnt/build/include -DHAVE_NCURSES_H -static  -L/mnt/build/lib conftest.c -lxnet -L/mnt/build/lib -ltinfo -levent_core -lm  >&5
/usr/bin/ld: /tmp/ccdJSVrx.o: in function `main':
conftest.c:(.text+0xa): undefined reference to `stravis'
collect2: error: ld returned 1 exit status
configure:7521: $? = 1
configure: failed program was:
| /* confdefs.h */
| #define PACKAGE_NAME "tmux"
| #define PACKAGE_TARNAME "tmux"
| #define PACKAGE_VERSION "3.6a"
| #define PACKAGE_STRING "tmux 3.6a"
| #define PACKAGE_BUGREPORT ""
| #define PACKAGE_URL ""
| #define PACKAGE "tmux"
| #define VERSION "3.6a"
| #define STDC_HEADERS 1
| #define HAVE_SYS_TYPES_H 1
| #define HAVE_SYS_STAT_H 1
| #define HAVE_STDLIB_H 1
| #define HAVE_STRING_H 1
| #define HAVE_MEMORY_H 1
| #define HAVE_STRINGS_H 1
| #define HAVE_INTTYPES_H 1
| #define HAVE_STDINT_H 1
| #define HAVE_UNISTD_H 1
| #define __EXTENSIONS__ 1
| #define _ALL_SOURCE 1
| #define _GNU_SOURCE 1
| #define _POSIX_PTHREAD_SEMANTICS 1
| #define _TANDEM_SOURCE 1
| #define HAVE_DIRENT_H 1
| #define HAVE_FCNTL_H 1
| #define HAVE_INTTYPES_H 1
| #define HAVE_PATHS_H 1
| #define HAVE_PTY_H 1
| #define HAVE_STDINT_H 1
| #define HAVE_SYS_DIR_H 1
| #define HAVE_LIBM 1
| #define HAVE_DIRFD 1
| #define HAVE_FLOCK 1
| #define HAVE_PRCTL 1
| #define HAVE_SYSCONF 1
| #define HAVE_ASPRINTF 1
| #define HAVE_CFMAKERAW 1
| #define HAVE_CLOCK_GETTIME 1
| #define HAVE_EXPLICIT_BZERO 1
| #define HAVE_FGETLN 1
| #define HAVE_GETDTABLESIZE 1
| #define HAVE_GETLINE 1
| #define HAVE_MEMMEM 1
| #define HAVE_SETENV 1
| #define HAVE_STRCASESTR 1
| #define HAVE_STRLCAT 1
| #define HAVE_STRLCPY 1
| #define HAVE_STRNDUP 1
| #define HAVE_STRSEP 1
| #define HAVE_EVENT2_EVENT_H 1
| #define HAVE_NCURSES_H 1
| #define HAVE_TIPARM 1
| #define HAVE_TIPARM_S 1
| #define HAVE_LIBXNET 1
| #define HAVE_DAEMON 1
| /* end confdefs.h.  */
| /* Define stravis to an innocuous variant, in case <limits.h> declares stravis.
|    For example, HP-UX 11i <limits.h> declares gettimeofday.  */
| #define stravis innocuous_stravis
| 
| /* System header to define __stub macros and hopefully few prototypes,
|     which can conflict with char stravis (); below.
|     Prefer <limits.h> to <assert.h> if __STDC__ is defined, since
|     <limits.h> exists even on freestanding compilers.  */
| 
| #ifdef __STDC__
| # include <limits.h>
| #else
| # include <assert.h>
| #endif
| 
| #undef stravis
| 
| /* Override any GCC internal prototype to avoid an error.
|    Use char because int might match the return type of a GCC
|    builtin and then its argument prototype would still apply.  */
| #ifdef __cplusplus
| extern "C"
| #endif
| char stravis ();
| /* The GNU C library defines this for functions which it implements
|     to always fail with ENOSYS.  Some functions are actually named
|     something starting with __ and the normal name is an alias.  */
| #if defined __stub_stravis || defined __stub___stravis
| choke me
| #endif
| 
| int
| main ()
| {
| return stravis ();
|   ;
|   return 0;
| }
configure:7521: result: no
configure:7583: checking for library containing fdforkpty
configure:7614: /mnt/build/bin/musl-gcc -static -o conftest -I/mnt/build/include -I/mnt/build/include/ncurses -I/mnt/build/include -DHAVE_NCURSES_H -static  -L/mnt/build/lib conftest.c -lxnet -L/mnt/build/lib -ltinfo -levent_core -lm  >&5
/usr/bin/ld: /tmp/ccNq6JBN.o: in function `main':
conftest.c:(.text+0xa): undefined reference to `fdforkpty'
collect2: error: ld returned 1 exit status
configure:7614: $? = 1
configure: failed program was:
| /* confdefs.h */
| #define PACKAGE_NAME "tmux"
| #define PACKAGE_TARNAME "tmux"
| #define PACKAGE_VERSION "3.6a"
| #define PACKAGE_STRING "tmux 3.6a"
| #define PACKAGE_BUGREPORT ""
| #define PACKAGE_URL ""
| #define PACKAGE "tmux"
| #define VERSION "3.6a"
| #define STDC_HEADERS 1
| #define HAVE_SYS_TYPES_H 1
| #define HAVE_SYS_STAT_H 1
| #define HAVE_STDLIB_H 1
| #define HAVE_STRING_H 1
| #define HAVE_MEMORY_H 1
| #define HAVE_STRINGS_H 1
| #define HAVE_INTTYPES_H 1
| #define HAVE_STDINT_H 1
| #define HAVE_UNISTD_H 1
| #define __EXTENSIONS__ 1
| #define _ALL_SOURCE 1
| #define _GNU_SOURCE 1
| #define _POSIX_PTHREAD_SEMANTICS 1
| #define _TANDEM_SOURCE 1
| #define HAVE_DIRENT_H 1
| #define HAVE_FCNTL_H 1
| #define HAVE_INTTYPES_H 1
| #define HAVE_PATHS_H 1
| #define HAVE_PTY_H 1
| #define HAVE_STDINT_H 1
| #define HAVE_SYS_DIR_H 1
| #define HAVE_LIBM 1
| #define HAVE_DIRFD 1
| #define HAVE_FLOCK 1
| #define HAVE_PRCTL 1
| #define HAVE_SYSCONF 1
| #define HAVE_ASPRINTF 1
| #define HAVE_CFMAKERAW 1
| #define HAVE_CLOCK_GETTIME 1
| #define HAVE_EXPLICIT_BZERO 1
| #define HAVE_FGETLN 1
| #define HAVE_GETDTABLESIZE 1
| #define HAVE_GETLINE 1
| #define HAVE_MEMMEM 1
| #define HAVE_SETENV 1
| #define HAVE_STRCASESTR 1
| #define HAVE_STRLCAT 1
| #define HAVE_STRLCPY 1
| #define HAVE_STRNDUP 1
| #define HAVE_STRSEP 1
| #define HAVE_EVENT2_EVENT_H 1
| #define HAVE_NCURSES_H 1
| #define HAVE_TIPARM 1
| #define HAVE_TIPARM_S 1
| #define HAVE_LIBXNET 1
| #define HAVE_DAEMON 1
| /* end confdefs.h.  */
| 
| /* Override any GCC internal prototype to avoid an error.
|    Use char because int might match the return type of a GCC
|    builtin and then its argument prototype would still apply.  */
| #ifdef __cplusplus
| extern "C"
| #endif
| char fdforkpty ();
| int
| main ()
| {
| return fdforkpty ();
|   ;
|   return 0;
| }
configure:7614: /mnt/build/bin/musl-gcc -static -o conftest -I/mnt/build/include -I/mnt/build/include/ncurses -I/mnt/build/include -DHAVE_NCURSES_H -static  -L/mnt/build/lib conftest.c -lutil  -lxnet -L/mnt/build/lib -ltinfo -levent_core -lm  >&5
/usr/bin/ld: /tmp/ccfm8jQB.o: in function `main':
conftest.c:(.text+0xa): undefined reference to `fdforkpty'
collect2: error: ld returned 1 exit status
configure:7614: $? = 1
configure: failed program was:
| /* confdefs.h */
| #define PACKAGE_NAME "tmux"
| #define PACKAGE_TARNAME "tmux"
| #define PACKAGE_VERSION "3.6a"
| #define PACKAGE_STRING "tmux 3.6a"
| #define PACKAGE_BUGREPORT ""
| #define PACKAGE_URL ""
| #define PACKAGE "tmux"
| #define VERSION "3.6a"
| #define STDC_HEADERS 1
| #define HAVE_SYS_TYPES_H 1
| #define HAVE_SYS_STAT_H 1
| #define HAVE_STDLIB_H 1
| #define HAVE_STRING_H 1
| #define HAVE_MEMORY_H 1
| #define HAVE_STRINGS_H 1
| #define HAVE_INTTYPES_H 1
| #define HAVE_STDINT_H 1
| #define HAVE_UNISTD_H 1
| #define __EXTENSIONS__ 1
| #define _ALL_SOURCE 1
| #define _GNU_SOURCE 1
| #define _POSIX_PTHREAD_SEMANTICS 1
| #define _TANDEM_SOURCE 1
| #define HAVE_DIRENT_H 1
| #define HAVE_FCNTL_H 1
| #define HAVE_INTTYPES_H 1
| #define HAVE_PATHS_H 1
| #define HAVE_PTY_H 1
| #define HAVE_STDINT_H 1
| #define HAVE_SYS_DIR_H 1
| #define HAVE_LIBM 1
| #define HAVE_DIRFD 1
| #define HAVE_FLOCK 1
| #define HAVE_PRCTL 1
| #define HAVE_SYSCONF 1
| #define HAVE_ASPRINTF 1
| #define HAVE_CFMAKERAW 1
| #define HAVE_CLOCK_GETTIME 1
| #define HAVE_EXPLICIT_BZERO 1
| #define HAVE_FGETLN 1
| #define HAVE_GETDTABLESIZE 1
| #define HAVE_GETLINE 1
| #define HAVE_MEMMEM 1
| #define HAVE_SETENV 1
| #define HAVE_STRCASESTR 1
| #define HAVE_STRLCAT 1
| #define HAVE_STRLCPY 1
| #define HAVE_STRNDUP 1
| #define HAVE_STRSEP 1
| #define HAVE_EVENT2_EVENT_H 1
| #define HAVE_NCURSES_H 1
| #define HAVE_TIPARM 1
| #define HAVE_TIPARM_S 1
| #define HAVE_LIBXNET 1
| #define HAVE_DAEMON 1
| /* end confdefs.h.  */
| 
| /* Override any GCC internal prototype to avoid an error.
|    Use char because int might match the return type of a GCC
|    builtin and then its argument prototype would still apply.  */
| #ifdef __cplusplus
| extern "C"
| #endif
| char fdforkpty ();
| int
| main ()
| {
| return fdforkpty ();
|   ;
|   return 0;
| }
configure:7631: result: no
configure:7652: checking for library containing forkpty
configure:7683: /mnt/build/bin/musl-gcc -static -o conftest -I/mnt/build/include -I/mnt/build/include/ncurses -I/mnt/build/include -DHAVE_NCURSES_H -static  -L/mnt/build/lib conftest.c -lxnet -L/mnt/build/lib -ltinfo -levent_core -lm  >&5
configure:7683: $? = 0
configure:7700: result: none required
configure:7724: checking for library containing kinfo_getfile
configure:7755: /mnt/build/bin/musl-gcc -static -o conftest -I/mnt/build/include -I/mnt/build/include/ncurses -I/mnt/build/include -DHAVE_NCURSES_H -static  -L/mnt/build/lib conftest.c -lxnet -L/mnt/build/lib -ltinfo -levent_core -lm  >&5
/usr/bin/ld: /tmp/ccTVM5pm.o: in function `main':
conftest.c:(.text+0xa): undefined reference to `kinfo_getfile'
collect2: error: ld returned 1 exit status
configure:7755: $? = 1
configure: failed program was:
| /* confdefs.h */
| #define PACKAGE_NAME "tmux"
| #define PACKAGE_TARNAME "tmux"
| #define PACKAGE_VERSION "3.6a"
| #define PACKAGE_STRING "tmux 3.6a"
| #define PACKAGE_BUGREPORT ""
| #define PACKAGE_URL ""
| #define PACKAGE "tmux"
| #define VERSION "3.6a"
| #define STDC_HEADERS 1
| #define HAVE_SYS_TYPES_H 1
| #define HAVE_SYS_STAT_H 1
| #define HAVE_STDLIB_H 1
| #define HAVE_STRING_H 1
| #define HAVE_MEMORY_H 1
| #define HAVE_STRINGS_H 1
| #define HAVE_INTTYPES_H 1
| #define HAVE_STDINT_H 1
| #define HAVE_UNISTD_H 1
| #define __EXTENSIONS__ 1
| #define _ALL_SOURCE 1
| #define _GNU_SOURCE 1
| #define _POSIX_PTHREAD_SEMANTICS 1
| #define _TANDEM_SOURCE 1
| #define HAVE_DIRENT_H 1
| #define HAVE_FCNTL_H 1
| #define HAVE_INTTYPES_H 1
| #define HAVE_PATHS_H 1
| #define HAVE_PTY_H 1
| #define HAVE_STDINT_H 1
| #define HAVE_SYS_DIR_H 1
| #define HAVE_LIBM 1
| #define HAVE_DIRFD 1
| #define HAVE_FLOCK 1
| #define HAVE_PRCTL 1
| #define HAVE_SYSCONF 1
| #define HAVE_ASPRINTF 1
| #define HAVE_CFMAKERAW 1
| #define HAVE_CLOCK_GETTIME 1
| #define HAVE_EXPLICIT_BZERO 1
| #define HAVE_FGETLN 1
| #define HAVE_GETDTABLESIZE 1
| #define HAVE_GETLINE 1
| #define HAVE_MEMMEM 1
| #define HAVE_SETENV 1
| #define HAVE_STRCASESTR 1
| #define HAVE_STRLCAT 1
| #define HAVE_STRLCPY 1
| #define HAVE_STRNDUP 1
| #define HAVE_STRSEP 1
| #define HAVE_EVENT2_EVENT_H 1
| #define HAVE_NCURSES_H 1
| #define HAVE_TIPARM 1
| #define HAVE_TIPARM_S 1
| #define HAVE_LIBXNET 1
| #define HAVE_DAEMON 1
| #define HAVE_FORKPTY 1
| /* end confdefs.h.  */
| 
| /* Override any GCC internal prototype to avoid an error.
|    Use char because int might match the return type of a GCC
|    builtin and then its argument prototype would still apply.  */
| #ifdef __cplusplus
| extern "C"
| #endif
| char kinfo_getfile ();
| int
| main ()
| {
| return kinfo_getfile ();
|   ;
|   return 0;
| }
configure:7755: /mnt/build/bin/musl-gcc -static -o conftest -I/mnt/build/include -I/mnt/build/include/ncurses -I/mnt/build/include -DHAVE_NCURSES_H -static  -L/mnt/build/lib conftest.c -lutil  -lxnet -L/mnt/build/lib -ltinfo -levent_core -lm  >&5
/usr/bin/ld: /tmp/ccffEkt6.o: in function `main':
conftest.c:(.text+0xa): undefined reference to `kinfo_getfile'
collect2: error: ld returned 1 exit status
configure:7755: $? = 1
configure: failed program was:
| /* confdefs.h */
| #define PACKAGE_NAME "tmux"
| #define PACKAGE_TARNAME "tmux"
| #define PACKAGE_VERSION "3.6a"
| #define PACKAGE_STRING "tmux 3.6a"
| #define PACKAGE_BUGREPORT ""
| #define PACKAGE_URL ""
| #define PACKAGE "tmux"
| #define VERSION "3.6a"
| #define STDC_HEADERS 1
| #define HAVE_SYS_TYPES_H 1
| #define HAVE_SYS_STAT_H 1
| #define HAVE_STDLIB_H 1
| #define HAVE_STRING_H 1
| #define HAVE_MEMORY_H 1
| #define HAVE_STRINGS_H 1
| #define HAVE_INTTYPES_H 1
| #define HAVE_STDINT_H 1
| #define HAVE_UNISTD_H 1
| #define __EXTENSIONS__ 1
| #define _ALL_SOURCE 1
| #define _GNU_SOURCE 1
| #define _POSIX_PTHREAD_SEMANTICS 1
| #define _TANDEM_SOURCE 1
| #define HAVE_DIRENT_H 1
| #define HAVE_FCNTL_H 1
| #define HAVE_INTTYPES_H 1
| #define HAVE_PATHS_H 1
| #define HAVE_PTY_H 1
| #define HAVE_STDINT_H 1
| #define HAVE_SYS_DIR_H 1
| #define HAVE_LIBM 1
| #define HAVE_DIRFD 1
| #define HAVE_FLOCK 1
| #define HAVE_PRCTL 1
| #define HAVE_SYSCONF 1
| #define HAVE_ASPRINTF 1
| #define HAVE_CFMAKERAW 1
| #define HAVE_CLOCK_GETTIME 1
| #define HAVE_EXPLICIT_BZERO 1
| #define HAVE_FGETLN 1
| #define HAVE_GETDTABLESIZE 1
| #define HAVE_GETLINE 1
| #define HAVE_MEMMEM 1
| #define HAVE_SETENV 1
| #define HAVE_STRCASESTR 1
| #define HAVE_STRLCAT 1
| #define HAVE_STRLCPY 1
| #define HAVE_STRNDUP 1
| #define HAVE_STRSEP 1
| #define HAVE_EVENT2_EVENT_H 1
| #define HAVE_NCURSES_H 1
| #define HAVE_TIPARM 1
| #define HAVE_TIPARM_S 1
| #define HAVE_LIBXNET 1
| #define HAVE_DAEMON 1
| #define HAVE_FORKPTY 1
| /* end confdefs.h.  */
| 
| /* Override any GCC internal prototype to avoid an error.
|    Use char because int might match the return type of a GCC
|    builtin and then its argument prototype would still apply.  */
| #ifdef __cplusplus
| extern "C"
| #endif
| char kinfo_getfile ();
| int
| main ()
| {
| return kinfo_getfile ();
|   ;
|   return 0;
| }
configure:7755: /mnt/build/bin/musl-gcc -static -o conftest -I/mnt/build/include -I/mnt/build/include/ncurses -I/mnt/build/include -DHAVE_NCURSES_H -static  -L/mnt/build/lib conftest.c -lutil-freebsd  -lxnet -L/mnt/build/lib -ltinfo -levent_core -lm  >&5
/usr/bin/ld: cannot find -lutil-freebsd: No such file or directory
collect2: error: ld returned 1 exit status
configure:7755: $? = 1
configure: failed program was:
| /* confdefs.h */
| #define PACKAGE_NAME "tmux"
| #define PACKAGE_TARNAME "tmux"
| #define PACKAGE_VERSION "3.6a"
| #define PACKAGE_STRING "tmux 3.6a"
| #define PACKAGE_BUGREPORT ""
| #define PACKAGE_URL ""
| #define PACKAGE "tmux"
| #define VERSION "3.6a"
| #define STDC_HEADERS 1
| #define HAVE_SYS_TYPES_H 1
| #define HAVE_SYS_STAT_H 1
| #define HAVE_STDLIB_H 1
| #define HAVE_STRING_H 1
| #define HAVE_MEMORY_H 1
| #define HAVE_STRINGS_H 1
| #define HAVE_INTTYPES_H 1
| #define HAVE_STDINT_H 1
| #define HAVE_UNISTD_H 1
| #define __EXTENSIONS__ 1
| #define _ALL_SOURCE 1
| #define _GNU_SOURCE 1
| #define _POSIX_PTHREAD_SEMANTICS 1
| #define _TANDEM_SOURCE 1
| #define HAVE_DIRENT_H 1
| #define HAVE_FCNTL_H 1
| #define HAVE_INTTYPES_H 1
| #define HAVE_PATHS_H 1
| #define HAVE_PTY_H 1
| #define HAVE_STDINT_H 1
| #define HAVE_SYS_DIR_H 1
| #define HAVE_LIBM 1
| #define HAVE_DIRFD 1
| #define HAVE_FLOCK 1
| #define HAVE_PRCTL 1
| #define HAVE_SYSCONF 1
| #define HAVE_ASPRINTF 1
| #define HAVE_CFMAKERAW 1
| #define HAVE_CLOCK_GETTIME 1
| #define HAVE_EXPLICIT_BZERO 1
| #define HAVE_FGETLN 1
| #define HAVE_GETDTABLESIZE 1
| #define HAVE_GETLINE 1
| #define HAVE_MEMMEM 1
| #define HAVE_SETENV 1
| #define HAVE_STRCASESTR 1
| #define HAVE_STRLCAT 1
| #define HAVE_STRLCPY 1
| #define HAVE_STRNDUP 1
| #define HAVE_STRSEP 1
| #define HAVE_EVENT2_EVENT_H 1
| #define HAVE_NCURSES_H 1
| #define HAVE_TIPARM 1
| #define HAVE_TIPARM_S 1
| #define HAVE_LIBXNET 1
| #define HAVE_DAEMON 1
| #define HAVE_FORKPTY 1
| /* end confdefs.h.  */
| 
| /* Override any GCC internal prototype to avoid an error.
|    Use char because int might match the return type of a GCC
|    builtin and then its argument prototype would still apply.  */
| #ifdef __cplusplus
| extern "C"
| #endif
| char kinfo_getfile ();
| int
| main ()
| {
| return kinfo_getfile ();
|   ;
|   return 0;
| }
configure:7772: result: no
configure:7782: checking whether TAILQ_CONCAT is declared
configure:7782: /mnt/build/bin/musl-gcc -static -c -I/mnt/build/include -I/mnt/build/include/ncurses -I/mnt/build/include -DHAVE_NCURSES_H conftest.c >&5
conftest.c:59:10: fatal error: sys/queue.h: No such file or directory
   59 | #include <sys/queue.h>
      |          ^~~~~~~~~~~~~
compilation terminated.
configure:7782: $? = 1
configure: failed program was:
| /* confdefs.h */
| #define PACKAGE_NAME "tmux"
| #define PACKAGE_TARNAME "tmux"
| #define PACKAGE_VERSION "3.6a"
| #define PACKAGE_STRING "tmux 3.6a"
| #define PACKAGE_BUGREPORT ""
| #define PACKAGE_URL ""
| #define PACKAGE "tmux"
| #define VERSION "3.6a"
| #define STDC_HEADERS 1
| #define HAVE_SYS_TYPES_H 1
| #define HAVE_SYS_STAT_H 1
| #define HAVE_STDLIB_H 1
| #define HAVE_STRING_H 1
| #define HAVE_MEMORY_H 1
| #define HAVE_STRINGS_H 1
| #define HAVE_INTTYPES_H 1
| #define HAVE_STDINT_H 1
| #define HAVE_UNISTD_H 1
| #define __EXTENSIONS__ 1
| #define _ALL_SOURCE 1
| #define _GNU_SOURCE 1
| #define _POSIX_PTHREAD_SEMANTICS 1
| #define _TANDEM_SOURCE 1
| #define HAVE_DIRENT_H 1
| #define HAVE_FCNTL_H 1
| #define HAVE_INTTYPES_H 1
| #define HAVE_PATHS_H 1
| #define HAVE_PTY_H 1
| #define HAVE_STDINT_H 1
| #define HAVE_SYS_DIR_H 1
| #define HAVE_LIBM 1
| #define HAVE_DIRFD 1
| #define HAVE_FLOCK 1
| #define HAVE_PRCTL 1
| #define HAVE_SYSCONF 1
| #define HAVE_ASPRINTF 1
| #define HAVE_CFMAKERAW 1
| #define HAVE_CLOCK_GETTIME 1
| #define HAVE_EXPLICIT_BZERO 1
| #define HAVE_FGETLN 1
| #define HAVE_GETDTABLESIZE 1
| #define HAVE_GETLINE 1
| #define HAVE_MEMMEM 1
| #define HAVE_SETENV 1
| #define HAVE_STRCASESTR 1
| #define HAVE_STRLCAT 1
| #define HAVE_STRLCPY 1
| #define HAVE_STRNDUP 1
| #define HAVE_STRSEP 1
| #define HAVE_EVENT2_EVENT_H 1
| #define HAVE_NCURSES_H 1
| #define HAVE_TIPARM 1
| #define HAVE_TIPARM_S 1
| #define HAVE_LIBXNET 1
| #define HAVE_DAEMON 1
| #define HAVE_FORKPTY 1
| /* end confdefs.h.  */
| #include <sys/queue.h>
| 
| 
| int
| main ()
| {
| #ifndef TAILQ_CONCAT
| #ifdef __cplusplus
|   (void) TAILQ_CONCAT;
| #else
|   (void) TAILQ_CONCAT;
| #endif
| #endif
| 
|   ;
|   return 0;
| }
configure:7782: result: no
configure:7791: checking whether TAILQ_PREV is declared
configure:7791: /mnt/build/bin/musl-gcc -static -c -I/mnt/build/include -I/mnt/build/include/ncurses -I/mnt/build/include -DHAVE_NCURSES_H conftest.c >&5
conftest.c:59:10: fatal error: sys/queue.h: No such file or directory
   59 | #include <sys/queue.h>
      |          ^~~~~~~~~~~~~
compilation terminated.
configure:7791: $? = 1
configure: failed program was:
| /* confdefs.h */
| #define PACKAGE_NAME "tmux"
| #define PACKAGE_TARNAME "tmux"
| #define PACKAGE_VERSION "3.6a"
| #define PACKAGE_STRING "tmux 3.6a"
| #define PACKAGE_BUGREPORT ""
| #define PACKAGE_URL ""
| #define PACKAGE "tmux"
| #define VERSION "3.6a"
| #define STDC_HEADERS 1
| #define HAVE_SYS_TYPES_H 1
| #define HAVE_SYS_STAT_H 1
| #define HAVE_STDLIB_H 1
| #define HAVE_STRING_H 1
| #define HAVE_MEMORY_H 1
| #define HAVE_STRINGS_H 1
| #define HAVE_INTTYPES_H 1
| #define HAVE_STDINT_H 1
| #define HAVE_UNISTD_H 1
| #define __EXTENSIONS__ 1
| #define _ALL_SOURCE 1
| #define _GNU_SOURCE 1
| #define _POSIX_PTHREAD_SEMANTICS 1
| #define _TANDEM_SOURCE 1
| #define HAVE_DIRENT_H 1
| #define HAVE_FCNTL_H 1
| #define HAVE_INTTYPES_H 1
| #define HAVE_PATHS_H 1
| #define HAVE_PTY_H 1
| #define HAVE_STDINT_H 1
| #define HAVE_SYS_DIR_H 1
| #define HAVE_LIBM 1
| #define HAVE_DIRFD 1
| #define HAVE_FLOCK 1
| #define HAVE_PRCTL 1
| #define HAVE_SYSCONF 1
| #define HAVE_ASPRINTF 1
| #define HAVE_CFMAKERAW 1
| #define HAVE_CLOCK_GETTIME 1
| #define HAVE_EXPLICIT_BZERO 1
| #define HAVE_FGETLN 1
| #define HAVE_GETDTABLESIZE 1
| #define HAVE_GETLINE 1
| #define HAVE_MEMMEM 1
| #define HAVE_SETENV 1
| #define HAVE_STRCASESTR 1
| #define HAVE_STRLCAT 1
| #define HAVE_STRLCPY 1
| #define HAVE_STRNDUP 1
| #define HAVE_STRSEP 1
| #define HAVE_EVENT2_EVENT_H 1
| #define HAVE_NCURSES_H 1
| #define HAVE_TIPARM 1
| #define HAVE_TIPARM_S 1
| #define HAVE_LIBXNET 1
| #define HAVE_DAEMON 1
| #define HAVE_FORKPTY 1
| /* end confdefs.h.  */
| #include <sys/queue.h>
| 
| 
| int
| main ()
| {
| #ifndef TAILQ_PREV
| #ifdef __cplusplus
|   (void) TAILQ_PREV;
| #else
|   (void) TAILQ_PREV;
| #endif
| #endif
| 
|   ;
|   return 0;
| }
configure:7791: result: no
configure:7800: checking whether TAILQ_REPLACE is declared
configure:7800: /mnt/build/bin/musl-gcc -static -c -I/mnt/build/include -I/mnt/build/include/ncurses -I/mnt/build/include -DHAVE_NCURSES_H conftest.c >&5
conftest.c:59:10: fatal error: sys/queue.h: No such file or directory
   59 | #include <sys/queue.h>
      |          ^~~~~~~~~~~~~
compilation terminated.
configure:7800: $? = 1
configure: failed program was:
| /* confdefs.h */
| #define PACKAGE_NAME "tmux"
| #define PACKAGE_TARNAME "tmux"
| #define PACKAGE_VERSION "3.6a"
| #define PACKAGE_STRING "tmux 3.6a"
| #define PACKAGE_BUGREPORT ""
| #define PACKAGE_URL ""
| #define PACKAGE "tmux"
| #define VERSION "3.6a"
| #define STDC_HEADERS 1
| #define HAVE_SYS_TYPES_H 1
| #define HAVE_SYS_STAT_H 1
| #define HAVE_STDLIB_H 1
| #define HAVE_STRING_H 1
| #define HAVE_MEMORY_H 1
| #define HAVE_STRINGS_H 1
| #define HAVE_INTTYPES_H 1
| #define HAVE_STDINT_H 1
| #define HAVE_UNISTD_H 1
| #define __EXTENSIONS__ 1
| #define _ALL_SOURCE 1
| #define _GNU_SOURCE 1
| #define _POSIX_PTHREAD_SEMANTICS 1
| #define _TANDEM_SOURCE 1
| #define HAVE_DIRENT_H 1
| #define HAVE_FCNTL_H 1
| #define HAVE_INTTYPES_H 1
| #define HAVE_PATHS_H 1
| #define HAVE_PTY_H 1
| #define HAVE_STDINT_H 1
| #define HAVE_SYS_DIR_H 1
| #define HAVE_LIBM 1
| #define HAVE_DIRFD 1
| #define HAVE_FLOCK 1
| #define HAVE_PRCTL 1
| #define HAVE_SYSCONF 1
| #define HAVE_ASPRINTF 1
| #define HAVE_CFMAKERAW 1
| #define HAVE_CLOCK_GETTIME 1
| #define HAVE_EXPLICIT_BZERO 1
| #define HAVE_FGETLN 1
| #define HAVE_GETDTABLESIZE 1
| #define HAVE_GETLINE 1
| #define HAVE_MEMMEM 1
| #define HAVE_SETENV 1
| #define HAVE_STRCASESTR 1
| #define HAVE_STRLCAT 1
| #define HAVE_STRLCPY 1
| #define HAVE_STRNDUP 1
| #define HAVE_STRSEP 1
| #define HAVE_EVENT2_EVENT_H 1
| #define HAVE_NCURSES_H 1
| #define HAVE_TIPARM 1
| #define HAVE_TIPARM_S 1
| #define HAVE_LIBXNET 1
| #define HAVE_DAEMON 1
| #define HAVE_FORKPTY 1
| /* end confdefs.h.  */
| #include <sys/queue.h>
| 
| 
| int
| main ()
| {
| #ifndef TAILQ_REPLACE
| #ifdef __cplusplus
|   (void) TAILQ_REPLACE;
| #else
|   (void) TAILQ_REPLACE;
| #endif
| #endif
| 
|   ;
|   return 0;
| }
configure:7800: result: no
configure:7815: checking for __progname
configure:7830: /mnt/build/bin/musl-gcc -static -o conftest -I/mnt/build/include -I/mnt/build/include/ncurses -I/mnt/build/include -DHAVE_NCURSES_H -static  -L/mnt/build/lib conftest.c -lxnet -L/mnt/build/lib -ltinfo -levent_core -lm  >&5
configure:7830: $? = 0
configure:7832: result: yes
configure:7843: checking for program_invocation_short_name
configure:7858: /mnt/build/bin/musl-gcc -static -o conftest -I/mnt/build/include -I/mnt/build/include/ncurses -I/mnt/build/include -DHAVE_NCURSES_H -static  -L/mnt/build/lib conftest.c -lxnet -L/mnt/build/lib -ltinfo -levent_core -lm  >&5
configure:7858: $? = 0
configure:7860: result: yes
configure:7871: checking whether PR_SET_NAME is declared
configure:7871: /mnt/build/bin/musl-gcc -static -c -I/mnt/build/include -I/mnt/build/include/ncurses -I/mnt/build/include -DHAVE_NCURSES_H conftest.c >&5
configure:7871: $? = 0
configure:7871: result: yes
configure:7881: checking whether SO_PEERCRED is declared
configure:7881: /mnt/build/bin/musl-gcc -static -c -I/mnt/build/include -I/mnt/build/include/ncurses -I/mnt/build/include -DHAVE_NCURSES_H conftest.c >&5
configure:7881: $? = 0
configure:7881: result: yes
configure:7891: checking whether F_CLOSEM is declared
configure:7891: /mnt/build/bin/musl-gcc -static -c -I/mnt/build/include -I/mnt/build/include/ncurses -I/mnt/build/include -DHAVE_NCURSES_H conftest.c >&5
conftest.c: In function 'main':
conftest.c:73:10: error: 'F_CLOSEM' undeclared (first use in this function)
   73 |   (void) F_CLOSEM;
      |          ^~~~~~~~
conftest.c:73:10: note: each undeclared identifier is reported only once for each function it appears in
configure:7891: $? = 1
configure: failed program was:
| /* confdefs.h */
| #define PACKAGE_NAME "tmux"
| #define PACKAGE_TARNAME "tmux"
| #define PACKAGE_VERSION "3.6a"
| #define PACKAGE_STRING "tmux 3.6a"
| #define PACKAGE_BUGREPORT ""
| #define PACKAGE_URL ""
| #define PACKAGE "tmux"
| #define VERSION "3.6a"
| #define STDC_HEADERS 1
| #define HAVE_SYS_TYPES_H 1
| #define HAVE_SYS_STAT_H 1
| #define HAVE_STDLIB_H 1
| #define HAVE_STRING_H 1
| #define HAVE_MEMORY_H 1
| #define HAVE_STRINGS_H 1
| #define HAVE_INTTYPES_H 1
| #define HAVE_STDINT_H 1
| #define HAVE_UNISTD_H 1
| #define __EXTENSIONS__ 1
| #define _ALL_SOURCE 1
| #define _GNU_SOURCE 1
| #define _POSIX_PTHREAD_SEMANTICS 1
| #define _TANDEM_SOURCE 1
| #define HAVE_DIRENT_H 1
| #define HAVE_FCNTL_H 1
| #define HAVE_INTTYPES_H 1
| #define HAVE_PATHS_H 1
| #define HAVE_PTY_H 1
| #define HAVE_STDINT_H 1
| #define HAVE_SYS_DIR_H 1
| #define HAVE_LIBM 1
| #define HAVE_DIRFD 1
| #define HAVE_FLOCK 1
| #define HAVE_PRCTL 1
| #define HAVE_SYSCONF 1
| #define HAVE_ASPRINTF 1
| #define HAVE_CFMAKERAW 1
| #define HAVE_CLOCK_GETTIME 1
| #define HAVE_EXPLICIT_BZERO 1
| #define HAVE_FGETLN 1
| #define HAVE_GETDTABLESIZE 1
| #define HAVE_GETLINE 1
| #define HAVE_MEMMEM 1
| #define HAVE_SETENV 1
| #define HAVE_STRCASESTR 1
| #define HAVE_STRLCAT 1
| #define HAVE_STRLCPY 1
| #define HAVE_STRNDUP 1
| #define HAVE_STRSEP 1
| #define HAVE_EVENT2_EVENT_H 1
| #define HAVE_NCURSES_H 1
| #define HAVE_TIPARM 1
| #define HAVE_TIPARM_S 1
| #define HAVE_LIBXNET 1
| #define HAVE_DAEMON 1
| #define HAVE_FORKPTY 1
| #define HAVE___PROGNAME 1
| #define HAVE_PROGRAM_INVOCATION_SHORT_NAME 1
| #define HAVE_PR_SET_NAME 1
| #define HAVE_SO_PEERCRED 1
| /* end confdefs.h.  */
| #include <fcntl.h>
| 
| 
| int
| main ()
| {
| #ifndef F_CLOSEM
| #ifdef __cplusplus
|   (void) F_CLOSEM;
| #else
|   (void) F_CLOSEM;
| #endif
| #endif
| 
|   ;
|   return 0;
| }
configure:7891: result: no
configure:7901: checking for /proc/$$
configure:7906: result: yes
configure:7916: checking TERM
configure:7940: /mnt/build/bin/musl-gcc -static -o conftest -I/mnt/build/include -I/mnt/build/include/ncurses -I/mnt/build/include -DHAVE_NCURSES_H -static  -L/mnt/build/lib conftest.c -lxnet -L/mnt/build/lib -ltinfo -levent_core -lm  >&5
configure:7940: $? = 0
configure:7940: ./conftest
configure:7940: $? = 0
configure:7969: /mnt/build/bin/musl-gcc -static -o conftest -I/mnt/build/include -I/mnt/build/include/ncurses -I/mnt/build/include -DHAVE_NCURSES_H -static  -L/mnt/build/lib conftest.c -lxnet -L/mnt/build/lib -ltinfo -levent_core -lm  >&5
configure:7969: $? = 0
configure:7969: ./conftest
configure:7969: $? = 0
configure:7998: /mnt/build/bin/musl-gcc -static -o conftest -I/mnt/build/include -I/mnt/build/include/ncurses -I/mnt/build/include -DHAVE_NCURSES_H -static  -L/mnt/build/lib conftest.c -lxnet -L/mnt/build/lib -ltinfo -levent_core -lm  >&5
configure:7998: $? = 0
configure:7998: ./conftest
configure:7998: $? = 0
configure:8005: result: tmux-256color
configure:8015: checking platform
configure:8080: result: linux
configure:8248: checking for vlock
configure:8276: result: no
configure:8288: checking lock-command
configure:8290: result: lock -np
configure:8443: checking that generated files are newer than configure
configure:8449: result: done
configure:8552: creating ./config.status

## ---------------------- ##
## Running config.status. ##
## ---------------------- ##

This file was extended by tmux config.status 3.6a, which was
generated by GNU Autoconf 2.69.  Invocation command line was

  CONFIG_FILES    = 
  CONFIG_HEADERS  = 
  CONFIG_LINKS    = 
  CONFIG_COMMANDS = 
  $ ./config.status 

on 8c4e3d16a1f4

config.status:867: creating Makefile
config.status:1039: executing depfiles commands

## ---------------- ##
## Cache variables. ##
## ---------------- ##

ac_cv_build=x86_64-pc-linux-gnu
ac_cv_c_compiler_gnu=yes
ac_cv_env_CC_set=set
ac_cv_env_CC_value='/mnt/build/bin/musl-gcc -static'
ac_cv_env_CFLAGS_set=set
ac_cv_env_CFLAGS_value=-I/mnt/build/include
ac_cv_env_CPPFLAGS_set=set
ac_cv_env_CPPFLAGS_value=-I/mnt/build/include
ac_cv_env_CPP_set=
ac_cv_env_CPP_value=
ac_cv_env_FUZZING_LIBS_set=
ac_cv_env_FUZZING_LIBS_value=
ac_cv_env_JEMALLOC_CFLAGS_set=
ac_cv_env_JEMALLOC_CFLAGS_value=
ac_cv_env_JEMALLOC_LIBS_set=
ac_cv_env_JEMALLOC_LIBS_value=
ac_cv_env_LDFLAGS_set=set
ac_cv_env_LDFLAGS_value=-L/mnt/build/lib
ac_cv_env_LIBEVENT_CFLAGS_set=
ac_cv_env_LIBEVENT_CFLAGS_value=
ac_cv_env_LIBEVENT_CORE_CFLAGS_set=
ac_cv_env_LIBEVENT_CORE_CFLAGS_value=
ac_cv_env_LIBEVENT_CORE_LIBS_set=
ac_cv_env_LIBEVENT_CORE_LIBS_value=
ac_cv_env_LIBEVENT_LIBS_set=set
ac_cv_env_LIBEVENT_LIBS_value='-L/mnt/build/lib -levent'
ac_cv_env_LIBNCURSESW_CFLAGS_set=
ac_cv_env_LIBNCURSESW_CFLAGS_value=
ac_cv_env_LIBNCURSESW_LIBS_set=
ac_cv_env_LIBNCURSESW_LIBS_value=
ac_cv_env_LIBNCURSES_CFLAGS_set=set
ac_cv_env_LIBNCURSES_CFLAGS_value=-I/mnt/build/include/ncurses
ac_cv_env_LIBNCURSES_LIBS_set=set
ac_cv_env_LIBNCURSES_LIBS_value='-L/mnt/build/lib -lncurses'
ac_cv_env_LIBS_set=
ac_cv_env_LIBS_value=
ac_cv_env_LIBTINFO_CFLAGS_set=set
ac_cv_env_LIBTINFO_CFLAGS_value=-I/mnt/build/include/ncurses
ac_cv_env_LIBTINFO_LIBS_set=set
ac_cv_env_LIBTINFO_LIBS_value='-L/mnt/build/lib -ltinfo'
ac_cv_env_LIBUTF8PROC_CFLAGS_set=
ac_cv_env_LIBUTF8PROC_CFLAGS_value=
ac_cv_env_LIBUTF8PROC_LIBS_set=
ac_cv_env_LIBUTF8PROC_LIBS_value=
ac_cv_env_PKG_CONFIG_LIBDIR_set=
ac_cv_env_PKG_CONFIG_LIBDIR_value=
ac_cv_env_PKG_CONFIG_PATH_set=
ac_cv_env_PKG_CONFIG_PATH_value=
ac_cv_env_PKG_CONFIG_set=
ac_cv_env_PKG_CONFIG_value=
ac_cv_env_SYSTEMD_CFLAGS_set=
ac_cv_env_SYSTEMD_CFLAGS_value=
ac_cv_env_SYSTEMD_LIBS_set=
ac_cv_env_SYSTEMD_LIBS_value=
ac_cv_env_YACC_set=
ac_cv_env_YACC_value=
ac_cv_env_YFLAGS_set=
ac_cv_env_YFLAGS_value=
ac_cv_env_build_alias_set=
ac_cv_env_build_alias_value=
ac_cv_env_host_alias_set=
ac_cv_env_host_alias_value=
ac_cv_env_target_alias_set=
ac_cv_env_target_alias_value=
ac_cv_func_asprintf=yes
ac_cv_func_cfmakeraw=yes
ac_cv_func_clock_gettime=yes
ac_cv_func_closefrom=no
ac_cv_func_daemon=yes
ac_cv_func_dirfd=yes
ac_cv_func_err=yes
ac_cv_func_errx=yes
ac_cv_func_explicit_bzero=yes
ac_cv_func_fgetln=yes
ac_cv_func_flock=yes
ac_cv_func_freezero=no
ac_cv_func_getdtablecount=no
ac_cv_func_getdtablesize=yes
ac_cv_func_getline=yes
ac_cv_func_getpeereid=no
ac_cv_func_getpeerucred=no
ac_cv_func_getprogname=no
ac_cv_func_htonll=no
ac_cv_func_memmem=yes
ac_cv_func_ntohll=no
ac_cv_func_prctl=yes
ac_cv_func_proc_pidinfo=no
ac_cv_func_setenv=yes
ac_cv_func_setproctitle=no
ac_cv_func_stravis=no
ac_cv_func_strcasestr=yes
ac_cv_func_strlcat=yes
ac_cv_func_strlcpy=yes
ac_cv_func_strndup=yes
ac_cv_func_strnlen_working=yes
ac_cv_func_strsep=yes
ac_cv_func_sysconf=yes
ac_cv_func_tiparm=yes
ac_cv_func_tiparm_s=yes
ac_cv_func_warn=yes
ac_cv_func_warnx=yes
ac_cv_have_decl_F_CLOSEM=no
ac_cv_have_decl_PR_SET_NAME=yes
ac_cv_have_decl_SO_PEERCRED=yes
ac_cv_have_decl_TAILQ_CONCAT=no
ac_cv_have_decl_TAILQ_PREV=no
ac_cv_have_decl_TAILQ_REPLACE=no
ac_cv_have_decl_daemon=yes
ac_cv_header_bitstring_h=no
ac_cv_header_dirent_h=yes
ac_cv_header_err_h=yes
ac_cv_header_event2_event_h=yes
ac_cv_header_fcntl_h=yes
ac_cv_header_inttypes_h=yes
ac_cv_header_libproc_h=no
ac_cv_header_libutil_h=no
ac_cv_header_memory_h=yes
ac_cv_header_minix_config_h=no
ac_cv_header_ndir_h=no
ac_cv_header_paths_h=yes
ac_cv_header_pty_h=yes
ac_cv_header_stdc=yes
ac_cv_header_stdint_h=yes
ac_cv_header_stdlib_h=yes
ac_cv_header_string_h=yes
ac_cv_header_strings_h=yes
ac_cv_header_sys_dir_h=yes
ac_cv_header_sys_ndir_h=no
ac_cv_header_sys_stat_h=yes
ac_cv_header_sys_tree_h=no
ac_cv_header_sys_types_h=yes
ac_cv_header_ucred_h=no
ac_cv_header_unistd_h=yes
ac_cv_header_util_h=no
ac_cv_host=x86_64-pc-linux-gnu
ac_cv_lib_m_fmod=yes
ac_cv_lib_xnet_socket=yes
ac_cv_objext=o
ac_cv_path_EGREP='/usr/bin/grep -E'
ac_cv_path_GREP=/usr/bin/grep
ac_cv_path_ac_pt_PKG_CONFIG=/usr/bin/pkg-config
ac_cv_path_install='/usr/bin/install -c'
ac_cv_path_mkdir=/usr/bin/mkdir
ac_cv_prog_AWK=mawk
ac_cv_prog_CPP='/mnt/build/bin/musl-gcc -static -E'
ac_cv_prog_YACC='bison -y'
ac_cv_prog_ac_ct_CC='/mnt/build/bin/musl-gcc -static'
ac_cv_prog_cc_c89=
ac_cv_prog_cc_c99=
ac_cv_prog_cc_g=yes
ac_cv_prog_found_vlock=no
ac_cv_prog_found_yacc=yes
ac_cv_prog_make_make_set=yes
ac_cv_safe_to_define___extensions__=yes
ac_cv_search_clock_gettime='none required'
ac_cv_search_event_init=-levent_core
ac_cv_search_fdforkpty=no
ac_cv_search_flock='none required'
ac_cv_search_forkpty='none required'
ac_cv_search_imsg_add=no
ac_cv_search_inet_ntoa='none required'
ac_cv_search_kinfo_getfile=no
ac_cv_search_socket='none required'
ac_cv_search_sys_signame=no
am_cv_CC_dependencies_compiler_type=gcc3
am_cv_make_support_nested_variables=yes
am_cv_prog_cc_c_o=yes
pkg_cv_LIBEVENT_LIBS='-L/mnt/build/lib -levent'
pkg_cv_LIBTINFO_CFLAGS=-I/mnt/build/include/ncurses
pkg_cv_LIBTINFO_LIBS='-L/mnt/build/lib -ltinfo'

## ----------------- ##
## Output variables. ##
## ----------------- ##

ACLOCAL='${SHELL} /mnt/build/src/tmux-3.6a/etc/missing aclocal-1.15'
AMDEPBACKSLASH='\'
AMDEP_FALSE='#'
AMDEP_TRUE=''
AMTAR='$${TAR-tar}'
AM_BACKSLASH='\'
AM_CFLAGS=''
AM_CPPFLAGS='-I/mnt/build/include/ncurses '
AM_DEFAULT_V='$(AM_DEFAULT_VERBOSITY)'
AM_DEFAULT_VERBOSITY='1'
AM_LDFLAGS='-static '
AM_V='$(V)'
AUTOCONF='${SHELL} /mnt/build/src/tmux-3.6a/etc/missing autoconf'
AUTOHEADER='${SHELL} /mnt/build/src/tmux-3.6a/etc/missing autoheader'
AUTOMAKE='${SHELL} /mnt/build/src/tmux-3.6a/etc/missing automake-1.15'
AWK='mawk'
CC='/mnt/build/bin/musl-gcc -static'
CCDEPMODE='depmode=gcc3'
CFLAGS='-I/mnt/build/include'
CPP='/mnt/build/bin/musl-gcc -static -E'
CPPFLAGS='-I/mnt/build/include'
CYGPATH_W='echo'
DEFAULT_LOCK_CMD='lock -np'
DEFAULT_TERM='tmux-256color'
DEFS='-DPACKAGE_NAME=\"tmux\" -DPACKAGE_TARNAME=\"tmux\" -DPACKAGE_VERSION=\"3.6a\" -DPACKAGE_STRING=\"tmux\ 3.6a\" -DPACKAGE_BUGREPORT=\"\" -DPACKAGE_URL=\"\" -DPACKAGE=\"tmux\" -DVERSION=\"3.6a\" -DSTDC_HEADERS=1 -DHAVE_SYS_TYPES_H=1 -DHAVE_SYS_STAT_H=1 -DHAVE_STDLIB_H=1 -DHAVE_STRING_H=1 -DHAVE_MEMORY_H=1 -DHAVE_STRINGS_H=1 -DHAVE_INTTYPES_H=1 -DHAVE_STDINT_H=1 -DHAVE_UNISTD_H=1 -D__EXTENSIONS__=1 -D_ALL_SOURCE=1 -D_GNU_SOURCE=1 -D_POSIX_PTHREAD_SEMANTICS=1 -D_TANDEM_SOURCE=1 -DHAVE_DIRENT_H=1 -DHAVE_FCNTL_H=1 -DHAVE_INTTYPES_H=1 -DHAVE_PATHS_H=1 -DHAVE_PTY_H=1 -DHAVE_STDINT_H=1 -DHAVE_SYS_DIR_H=1 -DHAVE_LIBM=1 -DHAVE_DIRFD=1 -DHAVE_FLOCK=1 -DHAVE_PRCTL=1 -DHAVE_SYSCONF=1 -DHAVE_ASPRINTF=1 -DHAVE_CFMAKERAW=1 -DHAVE_CLOCK_GETTIME=1 -DHAVE_EXPLICIT_BZERO=1 -DHAVE_FGETLN=1 -DHAVE_GETDTABLESIZE=1 -DHAVE_GETLINE=1 -DHAVE_MEMMEM=1 -DHAVE_SETENV=1 -DHAVE_STRCASESTR=1 -DHAVE_STRLCAT=1 -DHAVE_STRLCPY=1 -DHAVE_STRNDUP=1 -DHAVE_STRSEP=1 -DHAVE_EVENT2_EVENT_H=1 -DHAVE_NCURSES_H=1 -DHAVE_TIPARM=1 -DHAVE_TIPARM_S=1 -DHAVE_LIBXNET=1 -DHAVE_DAEMON=1 -DHAVE_FORKPTY=1 -DHAVE___PROGNAME=1 -DHAVE_PROGRAM_INVOCATION_SHORT_NAME=1 -DHAVE_PR_SET_NAME=1 -DHAVE_SO_PEERCRED=1 -DHAVE_PROC_PID=1'
DEPDIR='.deps'
ECHO_C=''
ECHO_N='-n'
ECHO_T=''
EGREP='/usr/bin/grep -E'
ENABLE_SIXEL_FALSE=''
ENABLE_SIXEL_TRUE='#'
EXEEXT=''
FUZZING_LIBS=''
GREP='/usr/bin/grep'
HAVE_SYSTEMD_FALSE=''
HAVE_SYSTEMD_TRUE='#'
HAVE_UTF8PROC_FALSE=''
HAVE_UTF8PROC_TRUE='#'
INSTALL_DATA='${INSTALL} -m 644'
INSTALL_PROGRAM='${INSTALL}'
INSTALL_SCRIPT='${INSTALL}'
INSTALL_STRIP_PROGRAM='$(install_sh) -c -s'
IS_AIX_FALSE=''
IS_AIX_TRUE='#'
IS_CYGWIN_FALSE=''
IS_CYGWIN_TRUE='#'
IS_DARWIN_FALSE=''
IS_DARWIN_TRUE='#'
IS_DEBUG_FALSE=''
IS_DEBUG_TRUE='#'
IS_DRAGONFLY_FALSE=''
IS_DRAGONFLY_TRUE='#'
IS_FREEBSD_FALSE=''
IS_FREEBSD_TRUE='#'
IS_GCC_FALSE='#'
IS_GCC_TRUE=''
IS_HAIKU_FALSE=''
IS_HAIKU_TRUE='#'
IS_HPUX_FALSE=''
IS_HPUX_TRUE='#'
IS_LINUX_FALSE='#'
IS_LINUX_TRUE=''
IS_NETBSD_FALSE=''
IS_NETBSD_TRUE='#'
IS_OPENBSD_FALSE=''
IS_OPENBSD_TRUE='#'
IS_SUNCC_FALSE=''
IS_SUNCC_TRUE='#'
IS_SUNOS_FALSE=''
IS_SUNOS_TRUE='#'
IS_UNKNOWN_FALSE=''
IS_UNKNOWN_TRUE='#'
JEMALLOC_CFLAGS=''
JEMALLOC_LIBS=''
LDFLAGS='-L/mnt/build/lib'
LIBEVENT_CFLAGS=''
LIBEVENT_CORE_CFLAGS=''
LIBEVENT_CORE_LIBS=''
LIBEVENT_LIBS='-L/mnt/build/lib -levent'
LIBNCURSESW_CFLAGS=''
LIBNCURSESW_LIBS=''
LIBNCURSES_CFLAGS='-I/mnt/build/include/ncurses'
LIBNCURSES_LIBS='-L/mnt/build/lib -lncurses'
LIBOBJS=' ${LIBOBJDIR}closefrom$U.o ${LIBOBJDIR}freezero$U.o ${LIBOBJDIR}getdtablecount$U.o ${LIBOBJDIR}getpeereid$U.o ${LIBOBJDIR}getprogname$U.o ${LIBOBJDIR}htonll$U.o ${LIBOBJDIR}ntohll$U.o ${LIBOBJDIR}setproctitle$U.o ${LIBOBJDIR}strtonum$U.o ${LIBOBJDIR}recallocarray$U.o ${LIBOBJDIR}getopt_long$U.o ${LIBOBJDIR}base64$U.o ${LIBOBJDIR}imsg$U.o ${LIBOBJDIR}imsg-buffer$U.o ${LIBOBJDIR}vis$U.o ${LIBOBJDIR}unvis$U.o ${LIBOBJDIR}fdforkpty$U.o'
LIBS='-lxnet -L/mnt/build/lib -ltinfo -levent_core -lm '
LIBTINFO_CFLAGS='-I/mnt/build/include/ncurses'
LIBTINFO_LIBS='-L/mnt/build/lib -ltinfo'
LIBUTF8PROC_CFLAGS=''
LIBUTF8PROC_LIBS=''
LTLIBOBJS=' ${LIBOBJDIR}closefrom$U.lo ${LIBOBJDIR}freezero$U.lo ${LIBOBJDIR}getdtablecount$U.lo ${LIBOBJDIR}getpeereid$U.lo ${LIBOBJDIR}getprogname$U.lo ${LIBOBJDIR}htonll$U.lo ${LIBOBJDIR}ntohll$U.lo ${LIBOBJDIR}setproctitle$U.lo ${LIBOBJDIR}strtonum$U.lo ${LIBOBJDIR}recallocarray$U.lo ${LIBOBJDIR}getopt_long$U.lo ${LIBOBJDIR}base64$U.lo ${LIBOBJDIR}imsg$U.lo ${LIBOBJDIR}imsg-buffer$U.lo ${LIBOBJDIR}vis$U.lo ${LIBOBJDIR}unvis$U.lo ${LIBOBJDIR}fdforkpty$U.lo'
MAKEINFO='${SHELL} /mnt/build/src/tmux-3.6a/etc/missing makeinfo'
MANFORMAT='mdoc'
MKDIR_P='/usr/bin/mkdir -p'
NEED_FORKPTY_FALSE=''
NEED_FORKPTY_TRUE='#'
NEED_FUZZING_FALSE=''
NEED_FUZZING_TRUE='#'
OBJEXT='o'
PACKAGE='tmux'
PACKAGE_BUGREPORT=''
PACKAGE_NAME='tmux'
PACKAGE_STRING='tmux 3.6a'
PACKAGE_TARNAME='tmux'
PACKAGE_URL=''
PACKAGE_VERSION='3.6a'
PATH_SEPARATOR=':'
PKG_CONFIG='/usr/bin/pkg-config --static'
PKG_CONFIG_LIBDIR=''
PKG_CONFIG_PATH=''
PLATFORM='linux'
SET_MAKE=''
SHELL='/bin/bash'
STRIP=''
SYSTEMD_CFLAGS=''
SYSTEMD_LIBS=''
VERSION='3.6a'
XOPEN_DEFINES=''
YACC='bison -y'
YFLAGS=''
ac_ct_CC='/mnt/build/bin/musl-gcc -static'
am__EXEEXT_FALSE=''
am__EXEEXT_TRUE='#'
am__fastdepCC_FALSE='#'
am__fastdepCC_TRUE=''
am__include='include'
am__isrc=''
am__leading_dot='.'
am__nodep='_no'
am__quote=''
am__tar='$${TAR-tar} chof - "$$tardir"'
am__untar='$${TAR-tar} xf -'
bindir='${exec_prefix}/bin'
build='x86_64-pc-linux-gnu'
build_alias=''
build_cpu='x86_64'
build_os='linux-gnu'
build_vendor='pc'
datadir='${datarootdir}'
datarootdir='${prefix}/share'
docdir='${datarootdir}/doc/${PACKAGE_TARNAME}'
dvidir='${docdir}'
exec_prefix='${prefix}'
found_vlock='no'
found_yacc='yes'
host='x86_64-pc-linux-gnu'
host_alias=''
host_cpu='x86_64'
host_os='linux-gnu'
host_vendor='pc'
htmldir='${docdir}'
includedir='/mnt/build/include'
infodir='${datarootdir}/info'
install_sh='${SHELL} /mnt/build/src/tmux-3.6a/etc/install-sh'
libdir='/mnt/build/lib'
libexecdir='${exec_prefix}/libexec'
localedir='${datarootdir}/locale'
localstatedir='${prefix}/var'
mandir='${datarootdir}/man'
mkdir_p='$(MKDIR_P)'
oldincludedir='/usr/include'
pdfdir='${docdir}'
prefix='/mnt/build'
program_transform_name='s,x,x,'
psdir='${docdir}'
runstatedir='${localstatedir}/run'
sbindir='${exec_prefix}/sbin'
sharedstatedir='${prefix}/com'
sysconfdir='/etc'
target_alias=''

## ----------- ##
## confdefs.h. ##
## ----------- ##

/* confdefs.h */
#define PACKAGE_NAME "tmux"
#define PACKAGE_TARNAME "tmux"
#define PACKAGE_VERSION "3.6a"
#define PACKAGE_STRING "tmux 3.6a"
#define PACKAGE_BUGREPORT ""
#define PACKAGE_URL ""
#define PACKAGE "tmux"
#define VERSION "3.6a"
#define STDC_HEADERS 1
#define HAVE_SYS_TYPES_H 1
#define HAVE_SYS_STAT_H 1
#define HAVE_STDLIB_H 1
#define HAVE_STRING_H 1
#define HAVE_MEMORY_H 1
#define HAVE_STRINGS_H 1
#define HAVE_INTTYPES_H 1
#define HAVE_STDINT_H 1
#define HAVE_UNISTD_H 1
#define __EXTENSIONS__ 1
#define _ALL_SOURCE 1
#define _GNU_SOURCE 1
#define _POSIX_PTHREAD_SEMANTICS 1
#define _TANDEM_SOURCE 1
#define HAVE_DIRENT_H 1
#define HAVE_FCNTL_H 1
#define HAVE_INTTYPES_H 1
#define HAVE_PATHS_H 1
#define HAVE_PTY_H 1
#define HAVE_STDINT_H 1
#define HAVE_SYS_DIR_H 1
#define HAVE_LIBM 1
#define HAVE_DIRFD 1
#define HAVE_FLOCK 1
#define HAVE_PRCTL 1
#define HAVE_SYSCONF 1
#define HAVE_ASPRINTF 1
#define HAVE_CFMAKERAW 1
#define HAVE_CLOCK_GETTIME 1
#define HAVE_EXPLICIT_BZERO 1
#define HAVE_FGETLN 1
#define HAVE_GETDTABLESIZE 1
#define HAVE_GETLINE 1
#define HAVE_MEMMEM 1
#define HAVE_SETENV 1
#define HAVE_STRCASESTR 1
#define HAVE_STRLCAT 1
#define HAVE_STRLCPY 1
#define HAVE_STRNDUP 1
#define HAVE_STRSEP 1
#define HAVE_EVENT2_EVENT_H 1
#define HAVE_NCURSES_H 1
#define HAVE_TIPARM 1
#define HAVE_TIPARM_S 1
#define HAVE_LIBXNET 1
#define HAVE_DAEMON 1
#define HAVE_FORKPTY 1
#define HAVE___PROGNAME 1
#define HAVE_PROGRAM_INVOCATION_SHORT_NAME 1
#define HAVE_PR_SET_NAME 1
#define HAVE_SO_PEERCRED 1
#define HAVE_PROC_PID 1

configure: exit 0
